employee_id,building_id,battery_id,column_id,elevator_id,intervention_start_date,intervention_end_date,intervention_result,intervention_report,intervention_status,author,customer_id
20,46,46,,,2017-11-30 09:59,2017-12-05 09:59,fail,,interrupted,10,46
19,12,12,,,2018-05-31 02:37,2018-06-04 02:37,fail,,interrupted,9,12
18,145,145,,,2017-10-14 15:16,2017-10-20 15:16,fail,,interrupted,8,145
17,120,120,,,2018-09-17 15:07,2018-09-18 15:07,fail,,interrupted,7,120
16,26,26,,,2019-03-26 00:36,2019-03-29 00:36,fail,,interrupted,6,26
15,152,152,,,2017-11-27 14:16,2017-11-28 14:16,fail,,interrupted,5,152
14,175,175,,,2018-09-11 09:09,2018-09-18 09:09,fail,,interrupted,4,175
13,142,142,,,2018-12-27 06:38,2019-01-01 06:38,fail,,interrupted,3,142
12,9,9,,,2019-04-20 11:52,2019-04-27 11:52,fail,,interrupted,2,9
11,162,162,,,2018-11-14 23:11,2018-11-18 23:11,fail,,interrupted,1,162
20,85,85,,,2019-02-14 14:34,2019-02-20 14:34,fail,,interrupted,10,85
19,152,152,,,2018-05-01 00:27,,incomplete,,pending,9,152
18,193,193,,,2018-02-02 00:14,,incomplete,,pending,8,193
17,66,66,,,2018-09-07 05:18,,incomplete,,pending,7,66
16,193,193,,,2018-01-25 01:18,,incomplete,,pending,6,193
15,188,188,,,2018-08-05 03:56,,incomplete,,inprogress,5,188
14,113,113,,,2018-12-08 13:14,,incomplete,,inprogress,4,113
13,171,171,,,2018-01-27 00:37,,incomplete,,inprogress,3,171
12,82,82,,,2018-07-16 01:13,,incomplete,,inprogress,2,82
11,25,25,,,2018-07-30 06:13,,incomplete,,resumed,1,25
20,96,96,,,2017-08-08 18:19,,incomplete,,resumed,10,96
19,162,162,,,2019-01-02 00:48,,incomplete,,resumed,9,162
18,54,54,,,2018-07-11 13:45,,incomplete,,resumed,8,54
17,64,64,,,2018-04-23 16:44,2018-04-29 16:44,success ,,completed,7,64
16,45,45,,,2018-10-09 12:31,2018-10-13 12:31,success ,,completed,6,45
15,79,79,,,2019-02-10 00:19,2019-02-13 00:19,success ,,completed,5,79
14,147,147,,,2018-10-18 04:38,2018-10-20 04:38,success ,,completed,4,147
13,108,108,,,2019-03-12 00:55,2019-03-14 00:55,success ,,completed,3,108
12,116,116,,,2018-04-10 04:20,2018-04-14 04:20,success ,,completed,2,116
11,91,91,,,2018-04-07 03:43,2018-04-08 03:43,success ,,completed,1,91
20,100,100,,,2017-09-27 15:35,2017-10-01 15:35,success ,,completed,10,100
19,19,19,,,2019-04-30 19:48,2019-05-06 19:48,success ,,completed,9,19
18,22,22,,,2018-08-20 09:57,2018-08-25 09:57,success ,,completed,8,22
17,41,41,,,2019-01-16 07:12,2019-01-20 07:12,success ,,completed,7,41
16,142,142,,,2018-10-09 13:08,2018-10-12 13:08,success ,,completed,6,142
15,92,92,,,2017-09-29 19:17,2017-10-02 19:17,success ,,completed,5,92
14,144,144,,,2018-06-16 17:04,2018-06-19 17:04,success ,,completed,4,144
13,41,41,,,2017-10-25 15:59,2017-10-26 15:59,success ,,completed,3,41
12,138,138,,,2018-01-06 06:37,2018-01-11 06:37,success ,,completed,2,138
11,90,90,,,2018-07-28 00:00,2018-08-03 00:00,success ,,completed,1,90
20,157,157,,,2019-06-23 09:52,2019-06-30 09:52,success ,,completed,10,157
19,174,174,,,2018-07-28 11:01,2018-08-01 11:01,success ,,completed,9,174
18,112,112,,,2017-10-31 22:36,2017-11-07 22:36,success ,,completed,8,112
17,29,29,,,2018-06-28 01:45,2018-06-30 01:45,success ,,completed,7,29
16,13,13,,,2018-06-02 20:21,2018-06-04 20:21,success ,,completed,6,13
15,94,94,,,2018-12-21 05:36,2018-12-25 05:36,success ,,completed,5,94
14,199,199,,,2019-04-20 21:09,2019-04-24 21:09,success ,,completed,4,199
13,125,125,,,2019-04-14 15:21,2019-04-20 15:21,success ,,completed,3,125
12,154,154,,,2019-01-01 13:34,2019-01-03 13:34,success ,,completed,2,154
11,153,153,,,2018-04-18 18:20,2018-04-19 18:20,success ,,completed,1,153
20,63,63,,,2018-03-12 19:09,2018-03-13 19:09,success ,,completed,10,63
19,176,176,,,2017-12-10 08:05,2017-12-15 08:05,success ,,completed,9,176
18,2,2,,,2018-06-15 08:49,2018-06-19 08:49,success ,,completed,8,2
17,51,51,,,2017-12-24 17:09,2017-12-28 17:09,success ,,completed,7,51
16,4,4,,,2018-12-28 08:52,2018-12-30 08:52,success ,,completed,6,4
15,41,41,,,2017-08-12 07:19,2017-08-19 07:19,success ,,completed,5,41
14,7,7,,,2018-11-04 11:55,2018-11-10 11:55,success ,,completed,4,7
13,127,127,,,2017-12-21 09:11,2017-12-23 09:11,success ,,completed,3,127
12,119,119,,,2018-12-29 01:21,2019-01-03 01:21,success ,,completed,2,119
11,154,154,,,2018-05-05 12:44,2018-05-11 12:44,success ,,completed,1,154
20,102,102,,,2018-02-12 15:58,2018-02-18 15:58,success ,,completed,10,102
19,34,34,,,2019-04-22 18:04,2019-04-25 18:04,success ,,completed,9,34
18,194,194,,,2019-06-30 23:36,2019-07-05 23:36,success ,,completed,8,194
17,99,99,,,2018-05-18 06:21,2018-05-20 06:21,success ,,completed,7,99
16,135,135,,,2018-12-18 22:51,2018-12-21 22:51,success ,,completed,6,135
15,175,175,,,2018-07-29 22:30,2018-08-01 22:30,success ,,completed,5,175
14,116,116,,,2017-07-25 16:52,2017-08-01 16:52,success ,,completed,4,116
13,197,197,,,2018-07-05 03:39,2018-07-06 03:39,success ,,completed,3,197
12,18,18,,,2018-07-15 07:55,2018-07-20 07:55,success ,,completed,2,18
11,188,188,,,2018-01-05 21:24,2018-01-12 21:24,success ,,completed,1,188
20,138,138,,,2018-12-20 14:56,2018-12-23 14:56,success ,,completed,10,138
19,60,60,,,2018-01-07 13:06,2018-01-11 13:06,success ,,completed,9,60
18,169,169,,,2018-03-20 02:30,2018-03-21 02:30,success ,,completed,8,169
17,158,158,,,2018-07-22 12:24,2018-07-28 12:24,success ,,completed,7,158
16,100,100,,,2019-01-18 00:54,2019-01-22 00:54,success ,,completed,6,100
15,163,163,,,2018-05-05 16:04,2018-05-10 16:04,success ,,completed,5,163
14,170,170,,,2017-09-02 03:16,2017-09-08 03:16,success ,,completed,4,170
13,27,27,,,2017-11-27 12:25,2017-11-28 12:25,success ,,completed,3,27
12,33,33,,,2019-05-07 05:20,2019-05-11 05:20,success ,,completed,2,33
11,15,15,,,2019-05-25 05:41,2019-05-31 05:41,success ,,completed,1,15
20,93,93,,,2018-02-01 03:35,2018-02-07 03:35,success ,,completed,10,93
19,22,22,,,2018-08-14 18:04,2018-08-19 18:04,success ,,completed,9,22
18,72,72,,,2019-04-21 19:45,2019-04-24 19:45,success ,,completed,8,72
17,199,199,,,2017-10-14 10:10,2017-10-21 10:10,success ,,completed,7,199
16,65,65,,,2018-05-15 18:50,2018-05-18 18:50,success ,,completed,6,65
15,13,13,,,2018-07-05 17:26,2018-07-08 17:26,success ,,completed,5,13
14,98,98,,,2018-10-08 22:24,2018-10-14 22:24,success ,,completed,4,98
13,102,102,,,2017-07-24 06:44,2017-07-25 06:44,success ,,completed,3,102
12,155,155,,,2018-04-07 08:37,2018-04-10 08:37,success ,,completed,2,155
11,107,107,,,2017-08-22 03:33,2017-08-27 03:33,success ,,completed,1,107
20,149,149,,,2017-08-24 23:43,2017-08-26 23:43,success ,,completed,10,149
19,115,115,,,2017-08-29 01:53,2017-08-30 01:53,success ,,completed,9,115
18,62,62,,,2019-01-12 17:36,2019-01-18 17:36,success ,,completed,8,62
17,101,101,,,2018-08-23 13:50,2018-08-28 13:50,success ,,completed,7,101
16,173,173,,,2017-11-30 18:37,2017-12-05 18:37,success ,,completed,6,173
15,117,117,,,2019-04-11 07:02,2019-04-16 07:02,success ,,completed,5,117
14,79,79,,,2017-09-07 15:04,2017-09-08 15:04,success ,,completed,4,79
13,178,178,,,2019-06-25 06:35,2019-07-01 06:35,success ,,completed,3,178
12,137,137,,,2018-07-07 14:03,2018-07-11 14:03,success ,,completed,2,137
11,176,176,,,2019-04-05 00:15,2019-04-12 00:15,success ,,completed,1,176
20,123,123,,,2018-11-08 11:17,2018-11-15 11:17,success ,,completed,10,123
19,5,5,,,2017-08-01 14:36,2017-08-02 14:36,success ,,completed,9,5
18,135,135,,,2019-02-14 01:37,2019-02-21 01:37,success ,,completed,8,135
17,58,58,,,2017-07-03 12:59,2017-07-06 12:59,success ,,completed,7,58
16,196,196,,,2018-09-19 15:31,2018-09-20 15:31,success ,,completed,6,196
15,116,116,,,2017-07-16 22:58,2017-07-21 22:58,success ,,completed,5,116
14,35,35,,,2018-07-23 08:39,2018-07-25 08:39,success ,,completed,4,35
13,149,149,,,2018-07-10 05:05,2018-07-15 05:05,success ,,completed,3,149
12,7,7,,,2018-04-26 07:44,2018-04-28 07:44,success ,,completed,2,7
11,74,74,,,2019-06-06 03:45,2019-06-13 03:45,success ,,completed,1,74
20,41,41,,,2017-07-06 11:46,2017-07-10 11:46,success ,,completed,10,41
19,70,70,,,2018-06-01 17:47,2018-06-08 17:47,success ,,completed,9,70
18,76,76,,,2018-07-11 20:44,2018-07-14 20:44,success ,,completed,8,76
17,89,89,,,2017-12-29 16:27,2017-12-31 16:27,success ,,completed,7,89
16,148,148,,,2018-05-04 08:47,2018-05-05 08:47,success ,,completed,6,148
15,54,54,,,2018-06-27 02:43,2018-07-03 02:43,success ,,completed,5,54
14,2,2,,,2018-03-01 09:52,2018-03-08 09:52,success ,,completed,4,2
13,194,194,,,2017-10-07 12:00,2017-10-10 12:00,success ,,completed,3,194
12,174,174,,,2017-12-09 17:37,2017-12-16 17:37,success ,,completed,2,174
11,25,25,,,2017-12-17 06:54,2017-12-21 06:54,success ,,completed,1,25
20,173,173,,,2018-11-19 15:59,2018-11-25 15:59,success ,,completed,10,173
19,161,161,,,2019-04-13 03:57,2019-04-17 03:57,success ,,completed,9,161
18,109,109,,,2018-05-23 21:48,2018-05-26 21:48,success ,,completed,8,109
17,157,157,,,2018-02-05 18:55,2018-02-11 18:55,success ,,completed,7,157
16,173,173,,,2019-05-24 03:53,2019-05-31 03:53,success ,,completed,6,173
15,113,113,,,2018-12-08 02:42,2018-12-14 02:42,success ,,completed,5,113
14,165,165,,,2018-06-02 05:16,2018-06-05 05:16,success ,,completed,4,165
13,63,63,,,2017-11-09 06:08,2017-11-15 06:08,success ,,completed,3,63
12,81,81,,,2017-11-15 01:40,2017-11-22 01:40,success ,,completed,2,81
11,3,3,,,2018-03-03 19:37,2018-03-05 19:37,success ,,completed,1,3
20,95,95,,,2018-01-28 07:32,2018-01-30 07:32,success ,,completed,10,95
19,170,170,,,2018-03-22 07:09,2018-03-29 07:09,success ,,completed,9,170
18,29,29,,,2018-06-29 12:33,2018-07-06 12:33,success ,,completed,8,29
17,4,4,,,2018-08-15 11:01,2018-08-22 11:01,success ,,completed,7,4
16,152,152,,,2017-07-17 08:36,2017-07-18 08:36,success ,,completed,6,152
15,109,109,,,2018-06-08 15:10,2018-06-15 15:10,success ,,completed,5,109
14,41,41,,,2017-12-03 10:48,2017-12-08 10:48,success ,,completed,4,41
13,183,183,,,2019-03-03 02:11,2019-03-10 02:11,success ,,completed,3,183
12,165,165,,,2018-12-22 08:47,2018-12-24 08:47,success ,,completed,2,165
11,2,2,,,2017-08-30 08:54,2017-09-04 08:54,success ,,completed,1,2
20,138,138,,,2017-07-15 03:33,2017-07-20 03:33,success ,,completed,10,138
19,130,130,,,2017-09-11 21:29,2017-09-17 21:29,success ,,completed,9,130
18,195,195,,,2017-08-19 20:21,2017-08-25 20:21,success ,,completed,8,195
17,87,87,,,2018-05-26 02:46,2018-06-02 02:46,success ,,completed,7,87
16,196,196,,,2018-12-15 23:48,2018-12-16 23:48,success ,,completed,6,196
15,98,98,,,2017-11-30 23:49,2017-12-01 23:49,success ,,completed,5,98
14,174,174,,,2019-05-04 21:15,2019-05-11 21:15,success ,,completed,4,174
13,58,58,,,2018-07-14 23:08,2018-07-20 23:08,success ,,completed,3,58
12,121,121,,,2018-06-10 10:16,2018-06-12 10:16,success ,,completed,2,121
11,20,20,,,2018-08-01 22:40,2018-08-07 22:40,success ,,completed,1,20
20,104,104,,,2017-08-24 08:31,2017-08-26 08:31,success ,,completed,10,104
19,29,29,,,2018-01-05 01:28,2018-01-08 01:28,success ,,completed,9,29
18,17,17,,,2019-05-10 18:02,2019-05-14 18:02,success ,,completed,8,17
17,192,192,,,2018-08-01 04:11,2018-08-03 04:11,success ,,completed,7,192
16,138,138,,,2018-10-22 13:00,2018-10-26 13:00,success ,,completed,6,138
15,108,108,,,2019-04-21 15:51,2019-04-22 15:51,success ,,completed,5,108
14,169,169,,,2018-01-11 15:20,2018-01-12 15:20,success ,,completed,4,169
13,164,164,,,2018-04-09 21:51,2018-04-14 21:51,success ,,completed,3,164
12,155,155,,,2019-05-24 04:10,2019-05-26 04:10,success ,,completed,2,155
11,59,59,,,2018-05-27 16:58,2018-05-29 16:58,success ,,completed,1,59
20,88,88,,,2019-06-14 06:27,2019-06-17 06:27,success ,,completed,10,88
19,9,9,,,2017-07-15 09:47,2017-07-22 09:47,success ,,completed,9,9
18,65,65,,,2017-10-14 20:42,2017-10-19 20:42,success ,,completed,8,65
17,70,70,,,2018-12-09 04:58,2018-12-14 04:58,success ,,completed,7,70
16,126,126,,,2018-06-02 17:21,2018-06-06 17:21,success ,,completed,6,126
15,131,131,,,2019-03-15 22:15,2019-03-16 22:15,success ,,completed,5,131
14,78,78,,,2018-04-19 06:58,2018-04-25 06:58,success ,,completed,4,78
13,112,112,,,2018-11-20 15:28,2018-11-25 15:28,success ,,completed,3,112
12,4,4,,,2018-04-19 10:08,2018-04-24 10:08,success ,,completed,2,4
11,135,135,,,2018-06-09 16:10,2018-06-11 16:10,success ,,completed,1,135
20,82,82,,,2018-11-18 00:11,2018-11-20 00:11,success ,,completed,10,82
19,131,131,,,2018-12-08 05:11,2018-12-09 05:11,success ,,completed,9,131
18,103,103,,,2018-10-12 23:55,2018-10-18 23:55,success ,,completed,8,103
17,106,106,,,2018-08-28 22:13,2018-08-30 22:13,success ,,completed,7,106
16,31,31,,,2018-11-19 07:58,2018-11-23 07:58,success ,,completed,6,31
15,18,18,,,2017-07-16 21:38,2017-07-18 21:38,success ,,completed,5,18
14,126,126,,,2018-01-11 03:53,2018-01-18 03:53,success ,,completed,4,126
13,126,126,,,2017-09-20 09:45,2017-09-27 09:45,success ,,completed,3,126
12,104,104,,,2017-12-04 08:04,2017-12-08 08:04,success ,,completed,2,104
11,94,94,,,2018-08-13 06:21,2018-08-18 06:21,success ,,completed,1,94
20,8,8,,,2018-11-16 07:25,2018-11-19 07:25,success ,,completed,10,8
19,18,18,,,2018-09-27 03:05,2018-10-04 03:05,success ,,completed,9,18
18,78,78,,,2019-04-29 02:07,2019-05-03 02:07,success ,,completed,8,78
17,63,63,,,2018-08-05 01:16,2018-08-09 01:16,success ,,completed,7,63
16,100,100,,,2019-04-17 13:27,2019-04-24 13:27,success ,,completed,6,100
15,71,71,,,2018-09-14 07:22,2018-09-15 07:22,success ,,completed,5,71
14,184,184,,,2019-03-24 04:21,2019-03-30 04:21,success ,,completed,4,184
13,31,31,,,2018-02-24 16:23,2018-02-25 16:23,success ,,completed,3,31
12,55,55,,,2017-09-02 13:03,2017-09-08 13:03,success ,,completed,2,55
11,188,188,,,2018-01-20 12:16,2018-01-26 12:16,success ,,completed,1,188
20,109,109,,,2019-01-18 14:25,2019-01-22 14:25,success ,,completed,10,109
19,52,52,,,2019-04-11 08:49,2019-04-12 08:49,success ,,completed,9,52
18,64,64,,,2018-11-21 01:13,2018-11-24 01:13,success ,,completed,8,64
17,176,176,,,2019-04-13 10:21,2019-04-15 10:21,success ,,completed,7,176
16,95,95,,,2018-04-28 03:37,2018-04-30 03:37,success ,,completed,6,95
15,171,171,,,2018-11-09 16:44,2018-11-11 16:44,success ,,completed,5,171
14,94,94,,,2019-05-11 10:56,2019-05-15 10:56,success ,,completed,4,94
13,2,2,,,2019-03-09 12:24,2019-03-16 12:24,success ,,completed,3,2
12,187,187,,,2018-08-24 03:45,2018-08-28 03:45,success ,,completed,2,187
11,181,181,,,2019-02-05 03:45,2019-02-12 03:45,success ,,completed,1,181
20,150,150,,,2019-06-26 14:07,2019-06-30 14:07,success ,,completed,10,150
19,154,154,,,2019-06-01 15:19,2019-06-05 15:19,success ,,completed,9,154
18,141,141,,,2017-07-30 15:25,2017-08-06 15:25,success ,,completed,8,141
17,57,57,,,2018-08-01 05:43,2018-08-05 05:43,success ,,completed,7,57
16,135,135,,,2018-08-25 05:47,2018-08-31 05:47,success ,,completed,6,135
15,17,17,,,2019-05-30 12:40,2019-06-03 12:40,success ,,completed,5,17
14,25,25,,,2017-08-04 08:15,2017-08-11 08:15,success ,,completed,4,25
13,175,175,,,2018-07-09 02:31,2018-07-14 02:31,success ,,completed,3,175
12,145,145,,,2018-12-22 07:17,2018-12-26 07:17,success ,,completed,2,145
11,125,125,,,2017-08-16 15:05,2017-08-18 15:05,success ,,completed,1,125
20,62,62,,,2018-12-18 22:36,2018-12-19 22:36,success ,,completed,10,62
19,55,55,,,2017-10-12 08:03,2017-10-13 08:03,success ,,completed,9,55
18,185,185,,,2017-07-08 10:05,2017-07-13 10:05,success ,,completed,8,185
17,125,125,,,2019-03-07 21:33,2019-03-14 21:33,success ,,completed,7,125
16,74,74,,,2018-10-12 10:36,2018-10-17 10:36,success ,,completed,6,74
15,69,69,,,2018-09-20 17:19,2018-09-23 17:19,success ,,completed,5,69
14,116,116,,,2019-05-20 02:39,2019-05-23 02:39,success ,,completed,4,116
13,168,168,,,2018-02-27 15:45,2018-03-02 15:45,success ,,completed,3,168
12,125,125,,,2019-01-14 21:14,2019-01-21 21:14,success ,,completed,2,125
11,41,41,,,2019-02-06 17:51,2019-02-09 17:51,success ,,completed,1,41
20,176,176,,,2018-09-19 17:59,2018-09-22 17:59,success ,,completed,10,176
19,29,29,,,2018-04-29 05:09,2018-05-04 05:09,success ,,completed,9,29
18,110,110,,,2019-06-15 01:00,2019-06-19 01:00,success ,,completed,8,110
17,25,25,,,2017-07-20 06:44,2017-07-23 06:44,success ,,completed,7,25
16,117,117,,,2018-09-16 08:03,2018-09-19 08:03,success ,,completed,6,117
15,200,200,,,2018-07-22 01:05,2018-07-23 01:05,success ,,completed,5,200
14,148,148,,,2019-02-02 11:29,2019-02-09 11:29,success ,,completed,4,148
13,48,48,,,2018-06-24 00:20,2018-06-30 00:20,success ,,completed,3,48
12,98,98,,,2018-05-25 12:26,2018-05-27 12:26,success ,,completed,2,98
11,143,143,,,2019-04-17 11:44,2019-04-23 11:44,success ,,completed,1,143
20,147,147,,,2018-05-26 13:04,2018-06-01 13:04,success ,,completed,10,147
19,71,,71,,2018-01-30 23:35,2018-02-05 23:35,fail,,interrupted,9,71
18,27,,27,,2018-12-16 22:30,2018-12-21 22:30,fail,,interrupted,8,27
17,112,,112,,2018-01-19 23:24,2018-01-23 23:24,fail,,interrupted,7,112
16,116,,116,,2019-01-10 12:53,2019-01-17 12:53,fail,,interrupted,6,116
15,188,,188,,2019-06-17 16:42,2019-06-19 16:42,fail,,interrupted,5,188
14,90,,90,,2018-07-18 15:34,2018-07-23 15:34,fail,,interrupted,4,90
13,70,,70,,2018-03-26 00:45,2018-04-01 00:45,fail,,interrupted,3,70
12,4,,4,,2019-06-06 09:17,2019-06-10 09:17,fail,,interrupted,2,4
11,93,,93,,2018-11-23 01:27,2018-11-27 01:27,fail,,interrupted,1,93
20,99,,99,,2019-04-01 00:17,2019-04-03 00:17,fail,,interrupted,10,99
19,114,,114,,2019-04-05 15:36,2019-04-12 15:36,fail,,interrupted,9,114
18,179,,179,,2018-09-21 05:52,,incomplete,,pending,8,179
17,37,,37,,2017-12-17 13:48,,incomplete,,pending,7,37
16,36,,36,,2019-05-19 09:00,,incomplete,,pending,6,36
15,150,,150,,2018-05-24 04:47,,incomplete,,pending,5,150
14,41,,41,,2017-09-26 13:02,,incomplete,,inprogress,4,41
13,148,,148,,2018-12-04 07:15,,incomplete,,inprogress,3,148
12,29,,29,,2018-07-28 11:39,,incomplete,,inprogress,2,29
11,92,,92,,2019-02-20 02:05,,incomplete,,inprogress,1,92
20,17,,17,,2019-05-12 17:25,,incomplete,,resumed,10,17
19,81,,81,,2018-05-20 02:09,,incomplete,,resumed,9,81
18,61,,61,,2019-03-31 19:08,,incomplete,,resumed,8,61
17,12,,12,,2018-12-02 02:19,,incomplete,,resumed,7,12
16,139,,139,,2018-04-15 21:57,2018-04-17 21:57,success ,,completed,6,139
15,64,,64,,2018-01-14 03:59,2018-01-16 03:59,success ,,completed,5,64
14,112,,112,,2018-10-02 02:44,2018-10-06 02:44,success ,,completed,4,112
13,94,,94,,2017-10-19 10:02,2017-10-22 10:02,success ,,completed,3,94
12,82,,82,,2019-02-28 16:08,2019-03-03 16:08,success ,,completed,2,82
11,159,,159,,2018-09-08 23:45,2018-09-11 23:45,success ,,completed,1,159
20,40,,40,,2019-03-21 16:09,2019-03-28 16:09,success ,,completed,10,40
19,124,,124,,2019-04-28 12:19,2019-05-04 12:19,success ,,completed,9,124
18,67,,67,,2019-05-09 19:46,2019-05-15 19:46,success ,,completed,8,67
17,30,,30,,2018-03-30 04:15,2018-04-03 04:15,success ,,completed,7,30
16,121,,121,,2018-07-16 00:29,2018-07-20 00:29,success ,,completed,6,121
15,69,,69,,2017-07-25 15:25,2017-07-27 15:25,success ,,completed,5,69
14,188,,188,,2018-05-28 15:29,2018-05-29 15:29,success ,,completed,4,188
13,131,,131,,2018-02-11 02:32,2018-02-13 02:32,success ,,completed,3,131
12,142,,142,,2019-02-27 15:40,2019-03-01 15:40,success ,,completed,2,142
11,95,,95,,2018-02-25 02:48,2018-03-03 02:48,success ,,completed,1,95
20,121,,121,,2017-07-08 08:34,2017-07-11 08:34,success ,,completed,10,121
19,40,,40,,2018-12-07 18:34,2018-12-09 18:34,success ,,completed,9,40
18,142,,142,,2018-12-17 21:04,2018-12-24 21:04,success ,,completed,8,142
17,119,,119,,2019-03-24 18:23,2019-03-27 18:23,success ,,completed,7,119
16,28,,28,,2018-02-06 20:51,2018-02-07 20:51,success ,,completed,6,28
15,171,,171,,2017-11-16 06:25,2017-11-18 06:25,success ,,completed,5,171
14,167,,167,,2018-01-01 00:25,2018-01-08 00:25,success ,,completed,4,167
13,113,,113,,2018-05-24 05:38,2018-05-25 05:38,success ,,completed,3,113
12,181,,181,,2018-03-09 04:31,2018-03-10 04:31,success ,,completed,2,181
11,62,,62,,2018-09-11 17:54,2018-09-17 17:54,success ,,completed,1,62
20,51,,51,,2019-01-08 12:52,2019-01-09 12:52,success ,,completed,10,51
19,196,,196,,2018-06-02 11:50,2018-06-06 11:50,success ,,completed,9,196
18,130,,130,,2018-06-06 03:26,2018-06-08 03:26,success ,,completed,8,130
17,146,,146,,2019-02-10 13:02,2019-02-11 13:02,success ,,completed,7,146
16,159,,159,,2018-09-17 05:54,2018-09-21 05:54,success ,,completed,6,159
15,16,,16,,2018-10-22 13:06,2018-10-26 13:06,success ,,completed,5,16
14,22,,22,,2018-09-05 00:13,2018-09-10 00:13,success ,,completed,4,22
13,19,,19,,2018-06-18 05:05,2018-06-21 05:05,success ,,completed,3,19
12,137,,137,,2018-06-19 16:42,2018-06-24 16:42,success ,,completed,2,137
11,186,,186,,2018-10-21 18:02,2018-10-26 18:02,success ,,completed,1,186
20,20,,20,,2019-04-23 15:58,2019-04-26 15:58,success ,,completed,10,20
19,94,,94,,2017-09-05 03:01,2017-09-10 03:01,success ,,completed,9,94
18,24,,24,,2018-04-28 16:20,2018-05-04 16:20,success ,,completed,8,24
17,36,,36,,2019-04-29 04:10,2019-05-01 04:10,success ,,completed,7,36
16,83,,83,,2019-04-20 01:52,2019-04-26 01:52,success ,,completed,6,83
15,151,,151,,2017-08-12 03:31,2017-08-16 03:31,success ,,completed,5,151
14,125,,125,,2018-06-15 00:28,2018-06-19 00:28,success ,,completed,4,125
13,71,,71,,2017-09-08 13:43,2017-09-09 13:43,success ,,completed,3,71
12,137,,137,,2018-02-06 10:45,2018-02-08 10:45,success ,,completed,2,137
11,56,,56,,2017-08-12 17:17,2017-08-18 17:17,success ,,completed,1,56
20,15,,15,,2017-12-05 05:18,2017-12-11 05:18,success ,,completed,10,15
19,96,,96,,2018-06-27 12:38,2018-07-02 12:38,success ,,completed,9,96
18,13,,13,,2019-01-11 00:53,2019-01-18 00:53,success ,,completed,8,13
17,73,,73,,2017-12-19 20:24,2017-12-25 20:24,success ,,completed,7,73
16,72,,72,,2018-02-16 07:25,2018-02-20 07:25,success ,,completed,6,72
15,51,,51,,2017-07-16 14:28,2017-07-22 14:28,success ,,completed,5,51
14,66,,66,,2019-03-14 15:05,2019-03-19 15:05,success ,,completed,4,66
13,127,,127,,2017-07-30 20:44,2017-08-05 20:44,success ,,completed,3,127
12,146,,146,,2017-12-18 11:45,2017-12-23 11:45,success ,,completed,2,146
11,59,,59,,2017-09-05 11:39,2017-09-10 11:39,success ,,completed,1,59
20,189,,189,,2017-09-18 18:17,2017-09-20 18:17,success ,,completed,10,189
19,196,,196,,2018-01-05 09:11,2018-01-09 09:11,success ,,completed,9,196
18,79,,79,,2017-11-23 18:23,2017-11-24 18:23,success ,,completed,8,79
17,118,,118,,2018-07-07 20:43,2018-07-14 20:43,success ,,completed,7,118
16,33,,33,,2017-09-22 15:19,2017-09-26 15:19,success ,,completed,6,33
15,53,,53,,2018-07-11 13:41,2018-07-17 13:41,success ,,completed,5,53
14,8,,8,,2017-07-28 06:22,2017-08-03 06:22,success ,,completed,4,8
13,117,,117,,2018-08-23 02:29,2018-08-25 02:29,success ,,completed,3,117
12,121,,121,,2019-01-24 18:49,2019-01-29 18:49,success ,,completed,2,121
11,189,,189,,2017-09-01 17:50,2017-09-03 17:50,success ,,completed,1,189
20,95,,95,,2017-09-30 10:14,2017-10-02 10:14,success ,,completed,10,95
19,184,,184,,2018-08-24 23:19,2018-08-28 23:19,success ,,completed,9,184
18,49,,49,,2017-08-15 04:42,2017-08-17 04:42,success ,,completed,8,49
17,186,,186,,2018-02-24 22:10,2018-03-02 22:10,success ,,completed,7,186
16,120,,120,,2019-03-23 06:53,2019-03-25 06:53,success ,,completed,6,120
15,167,,167,,2017-08-12 11:22,2017-08-18 11:22,success ,,completed,5,167
14,153,,153,,2017-10-18 06:57,2017-10-24 06:57,success ,,completed,4,153
13,117,,117,,2018-10-09 01:57,2018-10-16 01:57,success ,,completed,3,117
12,44,,44,,2017-12-20 03:13,2017-12-21 03:13,success ,,completed,2,44
11,196,,196,,2018-07-02 00:42,2018-07-04 00:42,success ,,completed,1,196
20,76,,76,,2018-01-22 20:14,2018-01-25 20:14,success ,,completed,10,76
19,187,,187,,2017-07-07 09:09,2017-07-13 09:09,success ,,completed,9,187
18,157,,157,,2018-09-28 01:20,2018-09-29 01:20,success ,,completed,8,157
17,190,,190,,2017-09-29 12:58,2017-10-02 12:58,success ,,completed,7,190
16,55,,55,,2019-03-25 00:53,2019-04-01 00:53,success ,,completed,6,55
15,121,,121,,2019-02-01 00:15,2019-02-05 00:15,success ,,completed,5,121
14,120,,120,,2018-02-17 03:17,2018-02-18 03:17,success ,,completed,4,120
13,5,,5,,2019-04-08 22:32,2019-04-14 22:32,success ,,completed,3,5
12,135,,135,,2018-03-27 06:28,2018-04-01 06:28,success ,,completed,2,135
11,185,,185,,2018-10-14 11:41,2018-10-20 11:41,success ,,completed,1,185
20,178,,178,,2019-02-12 13:06,2019-02-19 13:06,success ,,completed,10,178
19,132,,132,,2018-07-06 14:23,2018-07-13 14:23,success ,,completed,9,132
18,150,,150,,2019-01-08 02:05,2019-01-14 02:05,success ,,completed,8,150
17,95,,95,,2017-09-08 08:46,2017-09-11 08:46,success ,,completed,7,95
16,150,,150,,2018-07-05 06:33,2018-07-10 06:33,success ,,completed,6,150
15,126,,126,,2017-12-18 05:24,2017-12-24 05:24,success ,,completed,5,126
14,35,,35,,2017-08-10 01:10,2017-08-11 01:10,success ,,completed,4,35
13,119,,119,,2018-01-24 12:55,2018-01-28 12:55,success ,,completed,3,119
12,56,,56,,2017-12-09 07:11,2017-12-10 07:11,success ,,completed,2,56
11,134,,134,,2019-03-29 11:29,2019-04-04 11:29,success ,,completed,1,134
20,169,,169,,2019-02-09 21:20,2019-02-15 21:20,success ,,completed,10,169
19,183,,183,,2017-08-28 23:52,2017-09-01 23:52,success ,,completed,9,183
18,145,,145,,2018-09-18 02:46,2018-09-25 02:46,success ,,completed,8,145
17,92,,92,,2019-05-08 13:41,2019-05-10 13:41,success ,,completed,7,92
16,87,,87,,2019-04-02 15:36,2019-04-03 15:36,success ,,completed,6,87
15,3,,3,,2018-08-17 01:06,2018-08-19 01:06,success ,,completed,5,3
14,177,,177,,2017-08-01 02:42,2017-08-07 02:42,success ,,completed,4,177
13,180,,180,,2019-03-20 14:05,2019-03-21 14:05,success ,,completed,3,180
12,108,,108,,2019-03-30 20:31,2019-04-06 20:31,success ,,completed,2,108
11,167,,167,,2019-04-21 23:27,2019-04-26 23:27,success ,,completed,1,167
20,189,,189,,2018-03-15 16:07,2018-03-16 16:07,success ,,completed,10,189
19,43,,43,,2018-09-08 21:09,2018-09-09 21:09,success ,,completed,9,43
18,58,,58,,2019-05-28 03:27,2019-06-02 03:27,success ,,completed,8,58
17,13,,13,,2017-07-19 14:38,2017-07-21 14:38,success ,,completed,7,13
16,117,,117,,2018-12-24 02:04,2018-12-30 02:04,success ,,completed,6,117
15,36,,36,,2017-08-05 07:11,2017-08-12 07:11,success ,,completed,5,36
14,16,,16,,2017-10-18 17:43,2017-10-25 17:43,success ,,completed,4,16
13,142,,142,,2018-10-22 12:40,2018-10-27 12:40,success ,,completed,3,142
12,82,,82,,2018-09-11 18:45,2018-09-14 18:45,success ,,completed,2,82
11,11,,11,,2017-11-11 09:59,2017-11-13 09:59,success ,,completed,1,11
20,137,,137,,2018-04-18 22:16,2018-04-21 22:16,success ,,completed,10,137
19,174,,174,,2018-09-27 08:24,2018-10-04 08:24,success ,,completed,9,174
18,128,,128,,2019-06-21 16:47,2019-06-23 16:47,success ,,completed,8,128
17,37,,37,,2017-12-22 16:59,2017-12-27 16:59,success ,,completed,7,37
16,109,,109,,2018-09-20 05:54,2018-09-26 05:54,success ,,completed,6,109
15,138,,138,,2017-09-23 15:06,2017-09-26 15:06,success ,,completed,5,138
14,70,,70,,2018-09-28 07:16,2018-10-05 07:16,success ,,completed,4,70
13,92,,92,,2018-11-03 01:52,2018-11-10 01:52,success ,,completed,3,92
12,118,,118,,2018-07-12 05:18,2018-07-13 05:18,success ,,completed,2,118
11,176,,176,,2019-06-09 15:00,2019-06-13 15:00,success ,,completed,1,176
20,115,,115,,2018-04-29 15:10,2018-05-01 15:10,success ,,completed,10,115
19,117,,117,,2019-04-21 11:25,2019-04-26 11:25,success ,,completed,9,117
18,133,,133,,2018-09-01 02:06,2018-09-05 02:06,success ,,completed,8,133
17,1,,1,,2018-11-19 23:56,2018-11-21 23:56,success ,,completed,7,1
16,89,,89,,2017-09-29 15:10,2017-10-05 15:10,success ,,completed,6,89
15,174,,174,,2018-03-08 03:58,2018-03-15 03:58,success ,,completed,5,174
14,31,,31,,2018-07-23 22:55,2018-07-28 22:55,success ,,completed,4,31
13,43,,43,,2018-11-05 12:50,2018-11-09 12:50,success ,,completed,3,43
12,11,,11,,2017-11-08 00:26,2017-11-15 00:26,success ,,completed,2,11
11,55,,55,,2019-01-09 13:24,2019-01-16 13:24,success ,,completed,1,55
20,189,,189,,2018-04-23 02:15,2018-04-29 02:15,success ,,completed,10,189
19,118,,118,,2018-02-06 06:35,2018-02-12 06:35,success ,,completed,9,118
18,27,,27,,2019-05-17 13:53,2019-05-21 13:53,success ,,completed,8,27
17,46,,46,,2019-05-14 17:42,2019-05-17 17:42,success ,,completed,7,46
16,143,,143,,2019-04-12 15:30,2019-04-15 15:30,success ,,completed,6,143
15,121,,121,,2019-02-14 05:08,2019-02-18 05:08,success ,,completed,5,121
14,94,,94,,2017-08-29 07:07,2017-08-30 07:07,success ,,completed,4,94
13,94,,94,,2017-09-01 20:19,2017-09-05 20:19,success ,,completed,3,94
12,93,,93,,2018-05-03 08:25,2018-05-10 08:25,success ,,completed,2,93
11,123,,123,,2017-10-27 01:50,2017-11-03 01:50,success ,,completed,1,123
20,90,,90,,2018-04-01 07:43,2018-04-07 07:43,success ,,completed,10,90
19,93,,93,,2018-02-01 11:50,2018-02-07 11:50,success ,,completed,9,93
18,61,,61,,2019-04-09 04:57,2019-04-11 04:57,success ,,completed,8,61
17,22,,22,,2018-04-30 13:50,2018-05-03 13:50,success ,,completed,7,22
16,13,,13,,2017-11-07 10:21,2017-11-14 10:21,success ,,completed,6,13
15,97,,97,,2017-11-09 00:05,2017-11-13 00:05,success ,,completed,5,97
14,187,,187,,2018-02-02 22:31,2018-02-07 22:31,success ,,completed,4,187
13,48,,48,,2018-12-27 06:39,2019-01-01 06:39,success ,,completed,3,48
12,18,,18,,2019-01-24 12:30,2019-01-28 12:30,success ,,completed,2,18
11,51,,51,,2018-11-03 20:44,2018-11-10 20:44,success ,,completed,1,51
20,176,,176,,2018-05-08 21:46,2018-05-15 21:46,success ,,completed,10,176
19,152,,152,,2018-05-17 18:15,2018-05-22 18:15,success ,,completed,9,152
18,45,,45,,2018-06-29 15:31,2018-07-03 15:31,success ,,completed,8,45
17,125,,125,,2017-11-28 22:38,2017-12-04 22:38,success ,,completed,7,125
16,26,,26,,2017-09-14 18:23,2017-09-16 18:23,success ,,completed,6,26
15,107,,107,,2019-03-15 20:04,2019-03-22 20:04,success ,,completed,5,107
14,178,,178,,2018-11-12 16:51,2018-11-14 16:51,success ,,completed,4,178
13,159,,159,,2018-04-14 04:55,2018-04-19 04:55,success ,,completed,3,159
12,192,,192,,2017-07-15 17:27,2017-07-20 17:27,success ,,completed,2,192
11,109,,109,,2018-12-21 18:46,2018-12-23 18:46,success ,,completed,1,109
20,184,,184,,2018-07-04 02:09,2018-07-07 02:09,success ,,completed,10,184
19,83,,83,,2018-10-07 16:17,2018-10-11 16:17,success ,,completed,9,83
18,119,,119,,2019-03-10 05:59,2019-03-14 05:59,success ,,completed,8,119
17,60,,60,,2019-05-15 05:51,2019-05-17 05:51,success ,,completed,7,60
16,6,,6,,2018-03-27 13:37,2018-03-30 13:37,success ,,completed,6,6
15,118,,118,,2018-11-07 10:41,2018-11-14 10:41,success ,,completed,5,118
14,2,,2,,2019-04-19 10:15,2019-04-20 10:15,success ,,completed,4,2
13,129,,129,,2017-08-08 20:30,2017-08-11 20:30,success ,,completed,3,129
12,175,,175,,2018-08-28 17:17,2018-08-31 17:17,success ,,completed,2,175
11,37,,37,,2018-01-05 16:16,2018-01-11 16:16,success ,,completed,1,37
20,6,,6,,2019-02-18 12:23,2019-02-21 12:23,success ,,completed,10,6
19,146,,146,,2019-04-22 10:50,2019-04-27 10:50,success ,,completed,9,146
18,180,,180,,2017-11-14 19:05,2017-11-20 19:05,success ,,completed,8,180
17,4,,4,,2019-02-17 11:40,2019-02-19 11:40,success ,,completed,7,4
16,25,,25,,2017-09-18 12:12,2017-09-23 12:12,success ,,completed,6,25
15,167,,167,,2018-07-30 05:48,2018-08-02 05:48,success ,,completed,5,167
14,111,,111,,2018-07-31 11:53,2018-08-07 11:53,success ,,completed,4,111
13,198,,198,,2019-05-10 00:22,2019-05-15 00:22,success ,,completed,3,198
12,188,,188,,2018-04-16 08:09,2018-04-20 08:09,success ,,completed,2,188
11,12,,12,,2018-11-14 17:52,2018-11-18 17:52,success ,,completed,1,12
20,123,,123,,2019-03-05 14:11,2019-03-09 14:11,success ,,completed,10,123
19,53,,53,,2017-07-21 03:24,2017-07-25 03:24,success ,,completed,9,53
18,127,,127,,2019-04-19 12:27,2019-04-22 12:27,success ,,completed,8,127
17,77,,77,,2019-01-01 09:48,2019-01-04 09:48,success ,,completed,7,77
16,120,,120,,2019-06-26 12:10,2019-07-02 12:10,success ,,completed,6,120
15,31,,31,,2017-07-15 02:39,2017-07-19 02:39,success ,,completed,5,31
14,148,,148,,2019-05-09 19:38,2019-05-13 19:38,success ,,completed,4,148
13,93,,93,,2018-12-11 19:29,2018-12-13 19:29,success ,,completed,3,93
12,192,,192,,2017-12-09 20:13,2017-12-14 20:13,success ,,completed,2,192
11,130,,130,,2017-10-06 04:34,2017-10-09 04:34,success ,,completed,1,130
20,139,,139,,2019-02-22 23:21,2019-02-28 23:21,success ,,completed,10,139
19,179,,179,,2017-11-12 08:06,2017-11-13 08:06,success ,,completed,9,179
18,71,,71,,2018-05-04 16:08,2018-05-05 16:08,success ,,completed,8,71
17,189,,189,,2018-07-23 13:48,2018-07-29 13:48,success ,,completed,7,189
16,152,,152,,2017-09-16 18:16,2017-09-18 18:16,success ,,completed,6,152
15,167,,167,,2018-10-22 21:37,2018-10-23 21:37,success ,,completed,5,167
14,130,,130,,2017-08-11 02:59,2017-08-12 02:59,success ,,completed,4,130
13,128,,128,,2017-10-25 09:20,2017-10-27 09:20,success ,,completed,3,128
12,11,,11,,2018-06-20 18:12,2018-06-24 18:12,success ,,completed,2,11
11,92,,92,,2017-12-31 02:11,2018-01-07 02:11,success ,,completed,1,92
20,127,,127,,2018-04-22 02:59,2018-04-25 02:59,success ,,completed,10,127
19,75,,75,,2017-09-15 08:13,2017-09-19 08:13,success ,,completed,9,75
18,13,,13,,2019-04-19 06:22,2019-04-25 06:22,success ,,completed,8,13
17,133,,133,,2018-12-15 05:07,2018-12-18 05:07,success ,,completed,7,133
16,46,,46,,2018-02-11 14:24,2018-02-13 14:24,success ,,completed,6,46
15,72,,72,,2018-04-01 02:59,2018-04-04 02:59,success ,,completed,5,72
14,7,,7,,2018-04-30 17:13,2018-05-02 17:13,success ,,completed,4,7
13,159,,159,,2019-03-14 13:22,2019-03-16 13:22,success ,,completed,3,159
12,162,,162,,2019-01-17 18:20,2019-01-23 18:20,success ,,completed,2,162
11,30,,30,,2017-09-23 02:21,2017-09-25 02:21,success ,,completed,1,30
20,112,,112,,2019-05-13 22:29,2019-05-15 22:29,success ,,completed,10,112
19,155,,155,,2018-08-25 12:13,2018-08-29 12:13,success ,,completed,9,155
18,26,,26,,2019-03-08 08:22,2019-03-09 08:22,success ,,completed,8,26
17,56,,56,,2019-05-04 09:20,2019-05-11 09:20,success ,,completed,7,56
16,65,,65,,2018-12-22 21:00,2018-12-25 21:00,success ,,completed,6,65
15,31,,31,,2017-07-30 14:03,2017-08-04 14:03,success ,,completed,5,31
14,132,,132,,2018-04-25 18:38,2018-04-26 18:38,success ,,completed,4,132
13,71,,71,,2017-12-10 03:00,2017-12-17 03:00,success ,,completed,3,71
12,62,,62,,2019-04-13 01:18,2019-04-16 01:18,success ,,completed,2,62
11,33,,33,,2017-07-26 14:47,2017-07-28 14:47,success ,,completed,1,33
20,139,,139,,2017-08-27 09:37,2017-08-30 09:37,success ,,completed,10,139
19,18,,18,,2017-12-23 03:07,2017-12-24 03:07,success ,,completed,9,18
18,121,,121,,2017-07-17 22:33,2017-07-19 22:33,success ,,completed,8,121
17,190,,190,,2018-10-11 02:02,2018-10-14 02:02,success ,,completed,7,190
16,6,,6,,2018-07-15 03:49,2018-07-21 03:49,success ,,completed,6,6
15,87,,87,,2019-04-10 19:52,2019-04-11 19:52,success ,,completed,5,87
14,91,,91,,2018-06-11 16:29,2018-06-15 16:29,success ,,completed,4,91
13,197,,197,,2018-10-25 22:43,2018-10-26 22:43,success ,,completed,3,197
12,164,,,164,2017-10-20 21:47,2017-10-23 21:47,fail,,interrupted,2,164
11,31,,,31,2018-10-24 20:56,2018-10-30 20:56,fail,,interrupted,1,31
20,76,,,76,2019-06-24 23:25,2019-06-29 23:25,fail,,interrupted,10,76
19,163,,,163,2018-12-30 06:41,2019-01-03 06:41,fail,,interrupted,9,163
18,33,,,33,2018-12-20 08:29,2018-12-25 08:29,fail,,interrupted,8,33
17,38,,,38,2019-01-25 16:30,2019-01-31 16:30,fail,,interrupted,7,38
16,151,,,151,2017-09-13 21:35,2017-09-19 21:35,fail,,interrupted,6,151
15,150,,,150,2018-02-11 01:18,2018-02-18 01:18,fail,,interrupted,5,150
14,156,,,156,2018-10-21 18:03,2018-10-23 18:03,fail,,interrupted,4,156
13,188,,,188,2017-07-30 06:49,2017-08-05 06:49,fail,,interrupted,3,188
12,162,,,162,2018-10-14 06:43,2018-10-19 06:43,fail,,interrupted,2,162
11,44,,,44,2017-10-12 00:30,,incomplete,,pending,1,44
20,43,,,43,2017-09-09 22:01,,incomplete,,pending,10,43
19,11,,,11,2019-05-29 07:06,,incomplete,,pending,9,11
18,59,,,59,2018-12-05 16:47,,incomplete,,pending,8,59
17,18,,,18,2018-07-04 04:23,,incomplete,,inprogress,7,18
16,48,,,48,2018-01-31 11:27,,incomplete,,inprogress,6,48
15,124,,,124,2018-12-24 14:54,,incomplete,,inprogress,5,124
14,66,,,66,2019-05-27 06:17,,incomplete,,inprogress,4,66
13,170,,,170,2019-02-15 03:27,,incomplete,,resumed,3,170
12,33,,,33,2018-05-26 08:42,,incomplete,,resumed,2,33
11,86,,,86,2017-07-27 04:41,,incomplete,,resumed,1,86
20,149,,,149,2017-11-26 16:53,,incomplete,,resumed,10,149
19,73,,,73,2018-11-21 10:27,2018-11-27 10:27,success ,,completed,9,73
18,185,,,185,2018-09-01 03:12,2018-09-07 03:12,success ,,completed,8,185
17,69,,,69,2018-07-26 06:59,2018-07-29 06:59,success ,,completed,7,69
16,16,,,16,2018-06-05 10:38,2018-06-06 10:38,success ,,completed,6,16
15,60,,,60,2018-09-04 12:49,2018-09-05 12:49,success ,,completed,5,60
14,15,,,15,2017-08-12 14:36,2017-08-18 14:36,success ,,completed,4,15
13,54,,,54,2017-08-24 17:33,2017-08-28 17:33,success ,,completed,3,54
12,39,,,39,2018-11-30 15:08,2018-12-02 15:08,success ,,completed,2,39
11,152,,,152,2018-06-09 08:14,2018-06-14 08:14,success ,,completed,1,152
20,142,,,142,2018-09-12 14:27,2018-09-15 14:27,success ,,completed,10,142
19,149,,,149,2017-12-06 07:58,2017-12-12 07:58,success ,,completed,9,149
18,62,,,62,2018-04-03 04:41,2018-04-09 04:41,success ,,completed,8,62
17,185,,,185,2017-08-26 03:58,2017-09-02 03:58,success ,,completed,7,185
16,161,,,161,2019-05-25 23:56,2019-05-28 23:56,success ,,completed,6,161
15,64,,,64,2019-02-02 02:51,2019-02-04 02:51,success ,,completed,5,64
14,111,,,111,2018-07-20 12:32,2018-07-22 12:32,success ,,completed,4,111
13,137,,,137,2019-06-22 00:55,2019-06-28 00:55,success ,,completed,3,137
12,74,,,74,2019-04-28 03:26,2019-05-04 03:26,success ,,completed,2,74
11,42,,,42,2019-03-31 09:28,2019-04-01 09:28,success ,,completed,1,42
20,50,,,50,2018-09-24 11:30,2018-09-30 11:30,success ,,completed,10,50
19,64,,,64,2019-05-10 12:05,2019-05-17 12:05,success ,,completed,9,64
18,72,,,72,2018-06-19 07:08,2018-06-24 07:08,success ,,completed,8,72
17,193,,,193,2018-02-09 19:35,2018-02-15 19:35,success ,,completed,7,193
16,52,,,52,2017-09-16 20:15,2017-09-18 20:15,success ,,completed,6,52
15,149,,,149,2017-08-14 17:19,2017-08-18 17:19,success ,,completed,5,149
14,126,,,126,2018-09-24 07:22,2018-09-30 07:22,success ,,completed,4,126
13,75,,,75,2018-11-10 18:34,2018-11-12 18:34,success ,,completed,3,75
12,108,,,108,2019-03-05 13:54,2019-03-09 13:54,success ,,completed,2,108
11,113,,,113,2018-05-28 22:22,2018-06-01 22:22,success ,,completed,1,113
20,73,,,73,2019-04-23 21:49,2019-04-30 21:49,success ,,completed,10,73
19,143,,,143,2017-09-07 10:22,2017-09-13 10:22,success ,,completed,9,143
18,44,,,44,2018-02-23 18:03,2018-03-01 18:03,success ,,completed,8,44
17,139,,,139,2017-12-20 13:36,2017-12-23 13:36,success ,,completed,7,139
16,131,,,131,2019-04-12 15:26,2019-04-16 15:26,success ,,completed,6,131
15,125,,,125,2017-10-30 16:46,2017-11-05 16:46,success ,,completed,5,125
14,1,,,1,2018-10-14 16:07,2018-10-17 16:07,success ,,completed,4,1
13,75,,,75,2017-12-19 19:44,2017-12-20 19:44,success ,,completed,3,75
12,104,,,104,2018-07-14 10:24,2018-07-18 10:24,success ,,completed,2,104
11,198,,,198,2017-10-06 16:38,2017-10-12 16:38,success ,,completed,1,198
20,111,,,111,2018-06-28 08:21,2018-07-05 08:21,success ,,completed,10,111
19,36,,,36,2017-08-20 20:11,2017-08-26 20:11,success ,,completed,9,36
18,186,,,186,2018-09-27 15:57,2018-10-04 15:57,success ,,completed,8,186
17,142,,,142,2019-01-18 19:43,2019-01-24 19:43,success ,,completed,7,142
16,79,,,79,2019-02-23 14:32,2019-03-02 14:32,success ,,completed,6,79
15,177,,,177,2019-05-17 10:42,2019-05-22 10:42,success ,,completed,5,177
14,24,,,24,2017-11-07 17:36,2017-11-13 17:36,success ,,completed,4,24
13,28,,,28,2018-11-07 18:38,2018-11-09 18:38,success ,,completed,3,28
12,116,,,116,2019-05-18 01:34,2019-05-21 01:34,success ,,completed,2,116
11,70,,,70,2017-12-26 04:52,2017-12-27 04:52,success ,,completed,1,70
20,47,,,47,2017-11-30 10:48,2017-12-01 10:48,success ,,completed,10,47
19,152,,,152,2018-05-19 14:28,2018-05-24 14:28,success ,,completed,9,152
18,142,,,142,2018-10-15 03:59,2018-10-22 03:59,success ,,completed,8,142
17,119,,,119,2019-06-26 01:18,2019-07-01 01:18,success ,,completed,7,119
16,14,,,14,2017-10-22 02:18,2017-10-29 02:18,success ,,completed,6,14
15,136,,,136,2018-02-03 07:03,2018-02-04 07:03,success ,,completed,5,136
14,37,,,37,2018-12-15 11:26,2018-12-19 11:26,success ,,completed,4,37
13,23,,,23,2018-08-27 21:12,2018-09-01 21:12,success ,,completed,3,23
12,96,,,96,2017-09-05 09:22,2017-09-07 09:22,success ,,completed,2,96
11,84,,,84,2017-11-29 02:57,2017-12-06 02:57,success ,,completed,1,84
20,153,,,153,2017-12-07 22:04,2017-12-11 22:04,success ,,completed,10,153
19,97,,,97,2019-02-18 21:01,2019-02-20 21:01,success ,,completed,9,97
18,110,,,110,2019-02-21 10:35,2019-02-22 10:35,success ,,completed,8,110
17,196,,,196,2018-06-19 23:11,2018-06-24 23:11,success ,,completed,7,196
16,172,,,172,2018-08-25 15:56,2018-08-29 15:56,success ,,completed,6,172
15,81,,,81,2019-05-06 20:23,2019-05-13 20:23,success ,,completed,5,81
14,92,,,92,2018-05-11 01:12,2018-05-14 01:12,success ,,completed,4,92
13,198,,,198,2018-03-26 05:20,2018-03-30 05:20,success ,,completed,3,198
12,182,,,182,2019-01-30 19:22,2019-02-04 19:22,success ,,completed,2,182
11,14,,,14,2019-06-07 21:10,2019-06-12 21:10,success ,,completed,1,14
20,78,,,78,2017-10-02 03:00,2017-10-07 03:00,success ,,completed,10,78
19,47,,,47,2018-02-11 11:37,2018-02-17 11:37,success ,,completed,9,47
18,100,,,100,2019-05-01 14:42,2019-05-08 14:42,success ,,completed,8,100
17,15,,,15,2018-05-17 02:52,2018-05-24 02:52,success ,,completed,7,15
16,186,,,186,2018-09-20 00:48,2018-09-22 00:48,success ,,completed,6,186
15,131,,,131,2019-05-16 19:55,2019-05-19 19:55,success ,,completed,5,131
14,39,,,39,2018-03-25 00:05,2018-03-30 00:05,success ,,completed,4,39
13,167,,,167,2019-06-10 13:38,2019-06-11 13:38,success ,,completed,3,167
12,99,,,99,2019-06-17 09:01,2019-06-21 09:01,success ,,completed,2,99
11,53,,,53,2018-09-01 00:08,2018-09-03 00:08,success ,,completed,1,53
20,60,,,60,2019-03-21 22:26,2019-03-25 22:26,success ,,completed,10,60
19,184,,,184,2019-03-31 22:32,2019-04-06 22:32,success ,,completed,9,184
18,192,,,192,2018-04-10 20:14,2018-04-11 20:14,success ,,completed,8,192
17,79,,,79,2018-08-07 11:11,2018-08-12 11:11,success ,,completed,7,79
16,15,,,15,2018-01-24 10:12,2018-01-29 10:12,success ,,completed,6,15
15,52,,,52,2019-01-14 15:24,2019-01-16 15:24,success ,,completed,5,52
14,173,,,173,2018-10-25 20:26,2018-10-29 20:26,success ,,completed,4,173
13,142,,,142,2017-09-29 01:50,2017-10-01 01:50,success ,,completed,3,142
12,25,,,25,2018-07-02 06:52,2018-07-03 06:52,success ,,completed,2,25
11,146,,,146,2019-06-04 11:13,2019-06-06 11:13,success ,,completed,1,146
20,4,,,4,2017-09-19 18:27,2017-09-25 18:27,success ,,completed,10,4
19,58,,,58,2017-08-05 11:27,2017-08-09 11:27,success ,,completed,9,58
18,194,,,194,2019-04-04 04:44,2019-04-10 04:44,success ,,completed,8,194
17,151,,,151,2018-04-19 16:38,2018-04-21 16:38,success ,,completed,7,151
16,184,,,184,2019-02-21 15:19,2019-02-23 15:19,success ,,completed,6,184
15,78,,,78,2019-02-22 08:18,2019-02-23 08:18,success ,,completed,5,78
14,183,,,183,2017-08-11 21:22,2017-08-14 21:22,success ,,completed,4,183
13,119,,,119,2018-02-12 16:35,2018-02-14 16:35,success ,,completed,3,119
12,6,,,6,2017-12-21 13:28,2017-12-23 13:28,success ,,completed,2,6
11,148,,,148,2019-01-29 18:40,2019-02-04 18:40,success ,,completed,1,148
20,132,,,132,2018-02-13 06:57,2018-02-20 06:57,success ,,completed,10,132
19,112,,,112,2019-05-09 20:56,2019-05-14 20:56,success ,,completed,9,112
18,83,,,83,2018-02-18 00:33,2018-02-24 00:33,success ,,completed,8,83
17,103,,,103,2019-01-05 03:10,2019-01-10 03:10,success ,,completed,7,103
16,15,,,15,2017-07-09 03:00,2017-07-15 03:00,success ,,completed,6,15
15,38,,,38,2018-03-29 15:20,2018-04-03 15:20,success ,,completed,5,38
14,96,,,96,2017-11-03 05:12,2017-11-08 05:12,success ,,completed,4,96
13,5,,,5,2018-09-01 17:47,2018-09-08 17:47,success ,,completed,3,5
12,123,,,123,2018-04-27 23:25,2018-05-03 23:25,success ,,completed,2,123
11,134,,,134,2018-10-09 02:32,2018-10-10 02:32,success ,,completed,1,134
20,88,,,88,2017-08-31 03:42,2017-09-05 03:42,success ,,completed,10,88
19,133,,,133,2019-05-07 07:10,2019-05-12 07:10,success ,,completed,9,133
18,137,,,137,2017-10-02 14:15,2017-10-09 14:15,success ,,completed,8,137
17,36,,,36,2018-10-23 17:48,2018-10-28 17:48,success ,,completed,7,36
16,88,,,88,2017-07-09 09:07,2017-07-13 09:07,success ,,completed,6,88
15,16,,,16,2018-12-29 16:46,2019-01-03 16:46,success ,,completed,5,16
14,174,,,174,2018-11-20 18:26,2018-11-26 18:26,success ,,completed,4,174
13,53,,,53,2017-08-02 04:49,2017-08-06 04:49,success ,,completed,3,53
12,32,,,32,2019-01-31 14:27,2019-02-04 14:27,success ,,completed,2,32
11,146,,,146,2018-10-09 06:23,2018-10-10 06:23,success ,,completed,1,146
20,91,,,91,2018-06-05 13:10,2018-06-12 13:10,success ,,completed,10,91
19,88,,,88,2018-10-15 03:09,2018-10-17 03:09,success ,,completed,9,88
18,177,,,177,2017-11-13 03:49,2017-11-18 03:49,success ,,completed,8,177
17,53,,,53,2018-08-08 03:18,2018-08-12 03:18,success ,,completed,7,53
16,9,,,9,2019-05-14 16:53,2019-05-15 16:53,success ,,completed,6,9
15,79,,,79,2017-11-08 23:33,2017-11-14 23:33,success ,,completed,5,79
14,144,,,144,2018-10-19 01:44,2018-10-24 01:44,success ,,completed,4,144
13,143,,,143,2018-12-31 09:02,2019-01-06 09:02,success ,,completed,3,143
12,10,,,10,2019-05-19 12:51,2019-05-26 12:51,success ,,completed,2,10
11,29,,,29,2018-06-22 01:21,2018-06-28 01:21,success ,,completed,1,29
20,169,,,169,2017-08-09 06:21,2017-08-10 06:21,success ,,completed,10,169
19,25,,,25,2018-03-11 21:42,2018-03-17 21:42,success ,,completed,9,25
18,58,,,58,2018-08-08 06:16,2018-08-15 06:16,success ,,completed,8,58
17,94,,,94,2019-01-09 16:38,2019-01-16 16:38,success ,,completed,7,94
16,135,,,135,2018-11-19 10:49,2018-11-24 10:49,success ,,completed,6,135
15,74,,,74,2018-08-09 18:48,2018-08-16 18:48,success ,,completed,5,74
14,39,,,39,2018-10-02 03:02,2018-10-05 03:02,success ,,completed,4,39
13,85,,,85,2019-02-12 18:52,2019-02-16 18:52,success ,,completed,3,85
12,59,,,59,2017-12-17 16:46,2017-12-18 16:46,success ,,completed,2,59
11,111,,,111,2019-01-15 00:50,2019-01-21 00:50,success ,,completed,1,111
20,184,,,184,2018-04-19 05:59,2018-04-21 05:59,success ,,completed,10,184
19,47,,,47,2019-03-04 15:41,2019-03-11 15:41,success ,,completed,9,47
18,63,,,63,2019-01-19 05:06,2019-01-22 05:06,success ,,completed,8,63
17,115,,,115,2018-08-25 08:59,2018-08-27 08:59,success ,,completed,7,115
16,102,,,102,2019-01-15 07:07,2019-01-21 07:07,success ,,completed,6,102
15,9,,,9,2018-05-07 15:35,2018-05-08 15:35,success ,,completed,5,9
14,47,,,47,2019-03-31 18:01,2019-04-06 18:01,success ,,completed,4,47
13,132,,,132,2017-07-29 16:39,2017-08-04 16:39,success ,,completed,3,132
12,58,,,58,2018-02-23 21:59,2018-03-02 21:59,success ,,completed,2,58
11,14,,,14,2018-12-07 13:42,2018-12-08 13:42,success ,,completed,1,14
20,165,,,165,2017-08-08 15:05,2017-08-10 15:05,success ,,completed,10,165
19,150,,,150,2019-03-16 16:34,2019-03-17 16:34,success ,,completed,9,150
18,198,,,198,2018-11-28 13:11,2018-12-02 13:11,success ,,completed,8,198
17,42,,,42,2017-07-17 14:56,2017-07-20 14:56,success ,,completed,7,42
16,172,,,172,2018-03-26 06:22,2018-03-29 06:22,success ,,completed,6,172
15,4,,,4,2017-11-29 15:56,2017-12-01 15:56,success ,,completed,5,4
14,44,,,44,2019-01-31 03:18,2019-02-07 03:18,success ,,completed,4,44
13,173,,,173,2018-03-24 11:06,2018-03-30 11:06,success ,,completed,3,173
12,145,,,145,2017-12-21 21:17,2017-12-26 21:17,success ,,completed,2,145
11,58,,,58,2018-04-13 08:28,2018-04-17 08:28,success ,,completed,1,58
20,141,,,141,2017-10-01 15:04,2017-10-02 15:04,success ,,completed,10,141
19,37,,,37,2018-09-27 08:39,2018-09-29 08:39,success ,,completed,9,37
18,11,,,11,2017-10-18 18:52,2017-10-25 18:52,success ,,completed,8,11
17,11,,,11,2018-03-16 11:19,2018-03-19 11:19,success ,,completed,7,11
16,132,,,132,2019-01-13 06:45,2019-01-20 06:45,success ,,completed,6,132
15,55,,,55,2019-02-15 11:58,2019-02-21 11:58,success ,,completed,5,55
14,125,,,125,2018-02-23 22:57,2018-03-01 22:57,success ,,completed,4,125
13,145,,,145,2017-08-18 15:22,2017-08-19 15:22,success ,,completed,3,145
12,171,,,171,2017-09-06 23:13,2017-09-11 23:13,success ,,completed,2,171
11,110,,,110,2017-12-18 19:42,2017-12-23 19:42,success ,,completed,1,110
20,178,,,178,2019-05-15 21:03,2019-05-19 21:03,success ,,completed,10,178
19,63,,,63,2019-05-06 05:25,2019-05-12 05:25,success ,,completed,9,63
18,19,,,19,2019-05-08 22:53,2019-05-13 22:53,success ,,completed,8,19
17,39,,,39,2018-11-01 00:43,2018-11-04 00:43,success ,,completed,7,39
16,51,,,51,2018-12-12 08:39,2018-12-19 08:39,success ,,completed,6,51
15,28,,,28,2018-08-31 17:04,2018-09-06 17:04,success ,,completed,5,28
14,174,,,174,2019-05-09 11:27,2019-05-13 11:27,success ,,completed,4,174
13,83,,,83,2018-09-11 22:18,2018-09-12 22:18,success ,,completed,3,83
12,165,,,165,2018-05-16 23:47,2018-05-21 23:47,success ,,completed,2,165
11,123,,,123,2018-11-03 11:03,2018-11-08 11:03,success ,,completed,1,123
20,63,,,63,2018-12-28 16:18,2018-12-31 16:18,success ,,completed,10,63
19,1,,,1,2018-12-23 18:04,2018-12-24 18:04,success ,,completed,9,1
18,112,,,112,2017-10-08 06:30,2017-10-12 06:30,success ,,completed,8,112
17,179,,,179,2018-07-27 16:16,2018-07-31 16:16,success ,,completed,7,179
16,78,,,78,2017-09-27 16:24,2017-09-29 16:24,success ,,completed,6,78
15,110,,,110,2017-07-18 22:22,2017-07-21 22:22,success ,,completed,5,110
14,155,,,155,2019-02-03 14:12,2019-02-09 14:12,success ,,completed,4,155
13,108,,,108,2017-09-18 17:16,2017-09-24 17:16,success ,,completed,3,108
12,51,,,51,2018-04-15 08:38,2018-04-19 08:38,success ,,completed,2,51
11,174,,,174,2019-02-03 19:48,2019-02-07 19:48,success ,,completed,1,174
20,124,,,124,2017-07-19 09:11,2017-07-24 09:11,success ,,completed,10,124
19,154,,,154,2018-07-26 15:45,2018-07-31 15:45,success ,,completed,9,154
18,39,,,39,2017-07-06 12:37,2017-07-10 12:37,success ,,completed,8,39
17,192,,,192,2019-01-06 15:26,2019-01-11 15:26,success ,,completed,7,192
16,191,,,191,2018-04-03 19:15,2018-04-06 19:15,success ,,completed,6,191
15,183,,,183,2018-08-19 08:33,2018-08-23 08:33,success ,,completed,5,183
14,13,,,13,2018-04-20 03:10,2018-04-24 03:10,success ,,completed,4,13
13,78,,,78,2018-01-17 20:08,2018-01-21 20:08,success ,,completed,3,78
12,119,,,119,2017-12-27 13:59,2018-01-02 13:59,success ,,completed,2,119
11,92,,,92,2018-11-24 12:02,2018-11-25 12:02,success ,,completed,1,92
20,80,,,80,2018-05-10 21:27,2018-05-13 21:27,success ,,completed,10,80
19,110,,,110,2018-12-17 02:48,2018-12-22 02:48,success ,,completed,9,110
18,73,,,73,2017-12-22 20:47,2017-12-24 20:47,success ,,completed,8,73
17,149,,,149,2018-08-20 03:03,2018-08-22 03:03,success ,,completed,7,149
16,21,,,21,2017-08-15 12:02,2017-08-22 12:02,success ,,completed,6,21
15,186,,,186,2018-10-09 21:08,2018-10-10 21:08,success ,,completed,5,186
14,108,,,108,2017-07-27 08:35,2017-07-30 08:35,success ,,completed,4,108
13,32,,,32,2017-11-28 17:20,2017-12-01 17:20,success ,,completed,3,32
12,135,,,135,2018-03-05 05:48,2018-03-07 05:48,success ,,completed,2,135
11,3,,,3,2017-10-06 02:45,2017-10-11 02:45,success ,,completed,1,3
20,35,,,35,2019-03-28 12:48,2019-04-01 12:48,success ,,completed,10,35
19,39,,,39,2018-07-05 12:16,2018-07-11 12:16,success ,,completed,9,39
18,168,,,168,2018-08-16 01:29,2018-08-22 01:29,success ,,completed,8,168
17,118,,,118,2018-02-03 17:57,2018-02-08 17:57,success ,,completed,7,118
16,30,,,30,2018-07-02 04:18,2018-07-08 04:18,success ,,completed,6,30
15,17,,,17,2018-12-03 06:19,2018-12-04 06:19,success ,,completed,5,17
14,171,,,171,2017-07-26 02:52,2017-07-31 02:52,success ,,completed,4,171
13,19,,,19,2018-01-16 04:53,2018-01-22 04:53,success ,,completed,3,19
12,128,,,128,2018-09-11 13:00,2018-09-15 13:00,success ,,completed,2,128
11,130,,,130,2018-02-27 17:06,2018-03-01 17:06,success ,,completed,1,130
20,15,,,15,2017-12-01 13:45,2017-12-05 13:45,success ,,completed,10,15
19,46,,,46,2018-07-26 04:44,2018-07-28 04:44,success ,,completed,9,46
18,128,,,128,2018-08-25 15:57,2018-08-30 15:57,success ,,completed,8,128
17,82,,,82,2019-01-15 18:02,2019-01-19 18:02,success ,,completed,7,82
16,173,,,173,2018-09-06 13:16,2018-09-10 13:16,success ,,completed,6,173
15,123,,,123,2018-03-14 08:55,2018-03-17 08:55,success ,,completed,5,123
14,79,,,79,2019-02-18 15:07,2019-02-21 15:07,success ,,completed,4,79
13,76,,,76,2018-09-16 10:28,2018-09-17 10:28,success ,,completed,3,76
12,89,,,89,2018-07-28 00:49,2018-08-03 00:49,success ,,completed,2,89
11,137,,,137,2018-06-25 22:04,2018-07-01 22:04,success ,,completed,1,137
20,127,,,127,2017-10-22 10:23,2017-10-24 10:23,success ,,completed,10,127
19,17,,,17,2017-10-16 23:09,2017-10-22 23:09,success ,,completed,9,17
18,94,,,94,2019-06-18 02:33,2019-06-20 02:33,success ,,completed,8,94
17,187,,,187,2019-03-07 20:09,2019-03-11 20:09,success ,,completed,7,187
16,133,,,133,2019-06-13 08:47,2019-06-16 08:47,success ,,completed,6,133
15,117,,,117,2019-04-16 06:20,2019-04-19 06:20,success ,,completed,5,117
14,157,,,157,2018-12-01 23:39,2018-12-08 23:39,success ,,completed,4,157
13,152,,,152,2018-05-05 10:23,2018-05-08 10:23,success ,,completed,3,152
12,187,,,187,2017-08-10 17:58,2017-08-12 17:58,success ,,completed,2,187
11,94,,,94,2018-01-29 09:01,2018-02-03 09:01,success ,,completed,1,94
20,179,,,179,2018-12-24 08:47,2018-12-30 08:47,success ,,completed,10,179
19,44,,,44,2017-10-07 23:17,2017-10-12 23:17,success ,,completed,9,44
18,98,,,98,2019-03-29 09:41,2019-03-31 09:41,success ,,completed,8,98
17,26,,,26,2018-05-08 14:12,2018-05-15 14:12,success ,,completed,7,26
16,134,,,134,2018-06-01 17:29,2018-06-07 17:29,success ,,completed,6,134
15,23,,,23,2018-01-16 12:35,2018-01-23 12:35,success ,,completed,5,23
14,138,,,138,2018-08-23 02:11,2018-08-24 02:11,success ,,completed,4,138
13,128,,,328,2018-06-29 05:22,2018-07-05 05:22,success ,,completed,3,128
12,198,,,398,2018-06-26 03:12,2018-06-30 03:12,success ,,completed,2,198
11,153,,,353,2017-12-09 00:28,2017-12-15 00:28,success ,,completed,1,153
20,82,,,282,2018-04-11 20:20,2018-04-13 20:20,success ,,completed,10,82
19,132,,,332,2018-10-31 12:20,2018-11-06 12:20,success ,,completed,9,132
18,63,,,263,2019-01-09 13:37,2019-01-15 13:37,success ,,completed,8,63
17,11,,,211,2017-11-15 08:02,2017-11-18 08:02,success ,,completed,7,11
16,178,,,378,2018-03-17 01:47,2018-03-19 01:47,success ,,completed,6,178
15,118,,,318,2019-02-16 17:55,2019-02-17 17:55,success ,,completed,5,118
14,185,,,385,2019-06-06 15:30,2019-06-08 15:30,success ,,completed,4,185
13,122,,,322,2018-04-15 13:38,2018-04-18 13:38,success ,,completed,3,122
12,108,,,308,2018-09-28 12:16,2018-09-29 12:16,success ,,completed,2,108
11,22,,,222,2017-11-14 10:41,2017-11-15 10:41,success ,,completed,1,22
20,29,,,229,2018-08-03 20:27,2018-08-08 20:27,success ,,completed,10,29
19,31,,,231,2019-05-22 02:39,2019-05-23 02:39,success ,,completed,9,31
18,14,,,214,2018-03-01 19:00,2018-03-06 19:00,success ,,completed,8,14
17,76,,,276,2017-10-18 20:06,2017-10-25 20:06,success ,,completed,7,76
16,43,,,243,2018-12-07 15:00,2018-12-14 15:00,success ,,completed,6,43
15,50,,,250,2018-12-17 20:09,2018-12-22 20:09,success ,,completed,5,50
14,138,,,338,2019-01-29 00:39,2019-01-30 00:39,success ,,completed,4,138
13,43,,,243,2018-02-27 14:31,2018-03-03 14:31,success ,,completed,3,43
12,20,,,220,2019-02-21 00:35,2019-02-28 00:35,success ,,completed,2,20
11,162,,,362,2017-11-30 14:43,2017-12-04 14:43,success ,,completed,1,162
20,115,,,315,2018-11-01 22:50,2018-11-08 22:50,success ,,completed,10,115
19,118,,,318,2019-06-27 16:48,2019-07-01 16:48,success ,,completed,9,118
18,176,,,376,2019-04-10 14:37,2019-04-12 14:37,success ,,completed,8,176
17,99,,,299,2017-07-31 21:11,2017-08-04 21:11,success ,,completed,7,99
16,12,,,212,2017-09-15 06:34,2017-09-19 06:34,success ,,completed,6,12
15,136,,,336,2018-04-06 17:10,2018-04-13 17:10,success ,,completed,5,136
14,97,,,297,2018-05-29 10:08,2018-05-30 10:08,success ,,completed,4,97
13,46,,,246,2019-02-07 21:48,2019-02-12 21:48,success ,,completed,3,46
12,123,,,323,2019-06-14 17:50,2019-06-19 17:50,success ,,completed,2,123
11,182,,,382,2017-08-25 15:24,2017-08-28 15:24,success ,,completed,1,182
20,19,,,219,2018-06-13 16:09,2018-06-17 16:09,success ,,completed,10,19
19,126,,,326,2018-11-14 23:16,2018-11-21 23:16,success ,,completed,9,126
18,116,,,316,2017-08-31 20:38,2017-09-04 20:38,success ,,completed,8,116
17,89,,,289,2018-11-15 04:19,2018-11-22 04:19,success ,,completed,7,89
16,170,,,370,2019-04-07 11:16,2019-04-12 11:16,success ,,completed,6,170
15,23,,,223,2018-03-01 08:18,2018-03-08 08:18,success ,,completed,5,23
14,13,,,213,2019-03-25 04:02,2019-04-01 04:02,success ,,completed,4,13
13,185,,,385,2018-07-20 22:10,2018-07-27 22:10,success ,,completed,3,185
12,80,,,280,2018-08-25 02:56,2018-08-28 02:56,success ,,completed,2,80
11,118,,,318,2018-03-24 08:35,2018-03-27 08:35,success ,,completed,1,118
20,43,,,243,2017-12-20 07:52,2017-12-27 07:52,success ,,completed,10,43
19,135,,,335,2019-03-18 10:01,2019-03-24 10:01,success ,,completed,9,135
18,48,,,248,2017-12-31 12:56,2018-01-03 12:56,fail,,interrupted,8,48
17,48,,,248,2018-05-22 15:36,2018-05-24 15:36,fail,,interrupted,7,48
16,194,,,394,2018-06-15 09:06,2018-06-16 09:06,fail,,interrupted,6,194
15,175,,,375,2017-11-12 20:13,2017-11-16 20:13,fail,,interrupted,5,175
14,11,,,211,2019-03-11 20:02,2019-03-13 20:02,fail,,interrupted,4,11
13,21,,,221,2018-07-22 15:15,2018-07-24 15:15,fail,,interrupted,3,21
12,151,,,351,2017-07-05 13:35,2017-07-12 13:35,fail,,interrupted,2,151
11,29,,,229,2018-05-14 19:51,2018-05-16 19:51,fail,,interrupted,1,29
20,64,,,264,2018-02-14 06:48,2018-02-20 06:48,fail,,interrupted,10,64
19,65,,,265,2017-07-08 14:44,2017-07-12 14:44,fail,,interrupted,9,65
18,129,,,329,2019-03-27 13:50,2019-04-03 13:50,fail,,interrupted,8,129
17,8,,,208,2018-06-04 23:47,,incomplete,,pending,7,8
16,45,,,245,2019-02-15 17:15,,incomplete,,pending,6,45
15,178,,,378,2018-11-19 08:45,,incomplete,,pending,5,178
14,77,,,277,2018-03-14 17:25,,incomplete,,pending,4,77
13,117,,,317,2019-01-27 18:30,,incomplete,,inprogress,3,117
12,87,,,287,2018-07-02 18:11,,incomplete,,inprogress,2,87
11,185,,,385,2019-06-16 20:28,,incomplete,,inprogress,1,185
20,131,,,331,2018-04-07 18:15,,incomplete,,inprogress,10,131
19,172,,,372,2019-02-07 18:23,,incomplete,,resumed,9,172
18,144,,,344,2018-01-28 22:39,,incomplete,,resumed,8,144
17,79,,,279,2017-09-08 06:11,,incomplete,,resumed,7,79
16,20,,,220,2018-12-17 05:19,,incomplete,,resumed,6,20
15,173,,,373,2018-08-30 23:39,2018-09-04 23:39,success ,,completed,5,173
14,164,,,364,2019-05-15 08:06,2019-05-19 08:06,success ,,completed,4,164
13,46,,,246,2017-09-13 20:02,2017-09-20 20:02,success ,,completed,3,46
12,44,,,244,2018-05-21 20:43,2018-05-23 20:43,success ,,completed,2,44
11,60,,,260,2019-02-09 08:26,2019-02-10 08:26,success ,,completed,1,60
20,89,,,289,2018-06-21 10:52,2018-06-28 10:52,success ,,completed,10,89
19,79,,,279,2017-09-05 22:01,2017-09-10 22:01,success ,,completed,9,79
18,103,,,303,2018-08-25 03:11,2018-08-28 03:11,success ,,completed,8,103
17,116,,,316,2019-06-17 20:57,2019-06-18 20:57,success ,,completed,7,116
16,131,,,331,2018-06-17 00:25,2018-06-22 00:25,success ,,completed,6,131
15,166,,,366,2018-04-13 18:02,2018-04-16 18:02,success ,,completed,5,166
14,52,,,252,2019-02-14 16:23,2019-02-17 16:23,success ,,completed,4,52
13,105,,,305,2018-05-15 02:09,2018-05-17 02:09,success ,,completed,3,105
12,21,,,221,2018-03-10 03:42,2018-03-15 03:42,success ,,completed,2,21
11,197,,,397,2018-08-12 18:15,2018-08-13 18:15,success ,,completed,1,197
20,114,,,314,2018-06-02 06:54,2018-06-03 06:54,success ,,completed,10,114
19,57,,,257,2018-07-24 04:55,2018-07-30 04:55,success ,,completed,9,57
18,103,,,303,2017-07-11 00:43,2017-07-12 00:43,success ,,completed,8,103
17,3,,,203,2017-08-21 17:54,2017-08-24 17:54,success ,,completed,7,3
16,170,,,370,2018-12-12 03:36,2018-12-13 03:36,success ,,completed,6,170
15,102,,,302,2018-03-03 18:03,2018-03-09 18:03,success ,,completed,5,102
14,63,,,263,2019-05-15 20:45,2019-05-22 20:45,success ,,completed,4,63
13,3,,,203,2017-11-13 03:21,2017-11-14 03:21,success ,,completed,3,3
12,54,,,254,2017-10-28 00:52,2017-10-31 00:52,success ,,completed,2,54
11,132,,,332,2017-10-15 12:24,2017-10-19 12:24,success ,,completed,1,132
20,147,,,347,2018-01-19 03:14,2018-01-26 03:14,success ,,completed,10,147
19,17,,,217,2018-04-16 18:39,2018-04-17 18:39,success ,,completed,9,17
18,152,,,352,2019-03-25 14:40,2019-03-27 14:40,success ,,completed,8,152
17,77,,,277,2019-05-10 10:16,2019-05-14 10:16,success ,,completed,7,77
16,175,,,375,2017-11-03 09:52,2017-11-06 09:52,success ,,completed,6,175
15,186,,,386,2018-05-21 13:58,2018-05-24 13:58,success ,,completed,5,186
14,53,,,253,2019-01-02 08:14,2019-01-05 08:14,success ,,completed,4,53
13,140,,,340,2019-06-21 16:55,2019-06-28 16:55,success ,,completed,3,140
12,90,,,290,2017-11-27 00:23,2017-12-02 00:23,success ,,completed,2,90
11,91,,,291,2019-05-09 19:31,2019-05-12 19:31,success ,,completed,1,91
20,19,,,219,2018-11-03 09:48,2018-11-09 09:48,success ,,completed,10,19
19,171,,,371,2017-10-18 15:53,2017-10-20 15:53,success ,,completed,9,171
18,114,,,314,2018-09-02 12:08,2018-09-05 12:08,success ,,completed,8,114
17,43,,,243,2017-08-09 08:12,2017-08-10 08:12,success ,,completed,7,43
16,175,,,375,2019-05-15 01:23,2019-05-18 01:23,success ,,completed,6,175
15,153,,,353,2018-04-02 17:34,2018-04-05 17:34,success ,,completed,5,153
14,108,,,308,2017-09-16 15:13,2017-09-19 15:13,success ,,completed,4,108
13,147,,,347,2017-10-17 08:20,2017-10-18 08:20,success ,,completed,3,147
12,100,,,300,2017-07-09 23:35,2017-07-16 23:35,success ,,completed,2,100
11,158,,,358,2019-03-19 07:09,2019-03-21 07:09,success ,,completed,1,158
20,67,,,267,2017-10-09 19:51,2017-10-14 19:51,success ,,completed,10,67
19,96,,,296,2018-04-26 01:10,2018-04-28 01:10,success ,,completed,9,96
18,27,,,227,2017-09-14 01:47,2017-09-20 01:47,success ,,completed,8,27
17,182,,,382,2019-03-10 14:09,2019-03-14 14:09,success ,,completed,7,182
16,82,,,282,2018-06-15 21:42,2018-06-16 21:42,success ,,completed,6,82
15,117,,,317,2018-06-06 17:16,2018-06-10 17:16,success ,,completed,5,117
14,120,,,320,2018-02-08 21:15,2018-02-11 21:15,success ,,completed,4,120
13,139,,,339,2019-01-07 14:01,2019-01-12 14:01,success ,,completed,3,139
12,93,,,293,2017-11-13 19:22,2017-11-20 19:22,success ,,completed,2,93
11,156,,,356,2019-03-30 16:25,2019-04-05 16:25,success ,,completed,1,156
20,47,,,247,2018-05-12 04:02,2018-05-16 04:02,success ,,completed,10,47
19,151,,,351,2017-11-23 11:32,2017-11-27 11:32,success ,,completed,9,151
18,124,,,324,2017-08-31 06:01,2017-09-07 06:01,success ,,completed,8,124
17,51,,,251,2018-08-05 04:16,2018-08-07 04:16,success ,,completed,7,51
16,49,,,249,2018-08-26 11:52,2018-09-01 11:52,success ,,completed,6,49
15,130,,,330,2018-08-27 23:22,2018-08-29 23:22,success ,,completed,5,130
14,138,,,338,2019-06-06 07:18,2019-06-13 07:18,success ,,completed,4,138
13,142,,,342,2019-05-21 02:49,2019-05-22 02:49,success ,,completed,3,142
12,138,,,338,2018-03-19 00:06,2018-03-24 00:06,success ,,completed,2,138
11,110,,,310,2017-12-11 07:27,2017-12-16 07:27,success ,,completed,1,110
20,163,,,363,2017-09-25 11:41,2017-09-28 11:41,success ,,completed,10,163
19,54,,,254,2018-11-30 21:22,2018-12-03 21:22,success ,,completed,9,54
18,3,,,203,2019-02-14 16:26,2019-02-18 16:26,success ,,completed,8,3
17,143,,,343,2018-06-21 18:20,2018-06-23 18:20,success ,,completed,7,143
16,156,,,356,2018-02-12 09:39,2018-02-18 09:39,success ,,completed,6,156
15,76,,,276,2017-07-23 14:42,2017-07-29 14:42,success ,,completed,5,76
14,97,,,297,2018-03-24 21:07,2018-03-31 21:07,success ,,completed,4,97
13,12,,,212,2017-09-27 16:07,2017-09-30 16:07,success ,,completed,3,12
12,166,,,366,2019-04-11 05:20,2019-04-15 05:20,success ,,completed,2,166
11,74,,,274,2018-05-05 01:13,2018-05-09 01:13,success ,,completed,1,74
20,117,,,317,2018-04-16 15:32,2018-04-20 15:32,success ,,completed,10,117
19,30,,,230,2018-08-06 03:15,2018-08-10 03:15,success ,,completed,9,30
18,197,,,397,2017-08-02 11:30,2017-08-08 11:30,success ,,completed,8,197
17,189,,,389,2019-04-27 06:34,2019-04-30 06:34,success ,,completed,7,189
16,56,,,256,2018-05-24 02:39,2018-05-28 02:39,success ,,completed,6,56
15,98,,,298,2017-08-09 05:00,2017-08-10 05:00,success ,,completed,5,98
14,20,,,220,2019-01-12 05:17,2019-01-14 05:17,success ,,completed,4,20
13,7,,,207,2017-08-27 07:52,2017-09-02 07:52,success ,,completed,3,7
12,40,,,240,2019-01-01 11:27,2019-01-08 11:27,success ,,completed,2,40
11,33,,,233,2018-03-02 18:07,2018-03-09 18:07,success ,,completed,1,33
20,10,,,210,2018-06-08 07:14,2018-06-11 07:14,success ,,completed,10,10
19,59,,,259,2018-06-26 02:56,2018-06-27 02:56,success ,,completed,9,59
18,187,,,387,2017-09-16 06:57,2017-09-19 06:57,success ,,completed,8,187
17,14,,,214,2018-05-24 23:36,2018-05-29 23:36,success ,,completed,7,14
16,27,,,227,2019-01-31 09:45,2019-02-01 09:45,success ,,completed,6,27
15,115,,,315,2019-05-04 02:03,2019-05-07 02:03,success ,,completed,5,115
14,60,,,260,2017-11-23 11:09,2017-11-30 11:09,success ,,completed,4,60
13,95,,,295,2017-08-03 22:08,2017-08-05 22:08,success ,,completed,3,95
12,55,,,255,2017-10-08 09:06,2017-10-13 09:06,success ,,completed,2,55
11,64,,,264,2019-06-29 01:05,2019-07-05 01:05,success ,,completed,1,64
20,42,,,242,2019-05-01 12:12,2019-05-07 12:12,success ,,completed,10,42
19,72,,,272,2019-01-15 03:34,2019-01-21 03:34,success ,,completed,9,72
18,180,,,380,2017-08-27 13:17,2017-09-01 13:17,success ,,completed,8,180
17,131,,,331,2019-02-18 01:30,2019-02-21 01:30,success ,,completed,7,131
16,111,,,311,2019-05-16 07:10,2019-05-17 07:10,success ,,completed,6,111
15,195,,,395,2017-10-04 10:56,2017-10-11 10:56,success ,,completed,5,195
14,15,,,215,2018-09-18 06:15,2018-09-22 06:15,success ,,completed,4,15
13,135,,,335,2019-06-01 16:34,2019-06-07 16:34,success ,,completed,3,135
12,185,,,385,2017-10-16 10:39,2017-10-17 10:39,success ,,completed,2,185
11,86,,,286,2018-04-23 10:49,2018-04-26 10:49,success ,,completed,1,86
20,197,,,397,2018-02-23 15:44,2018-02-25 15:44,success ,,completed,10,197
19,121,,,321,2019-02-18 02:25,2019-02-19 02:25,success ,,completed,9,121
18,100,,,300,2017-12-31 01:50,2018-01-04 01:50,success ,,completed,8,100
17,56,,,256,2018-10-12 21:28,2018-10-18 21:28,success ,,completed,7,56
16,164,,,364,2017-07-16 03:29,2017-07-22 03:29,success ,,completed,6,164
15,177,,,377,2017-10-23 00:35,2017-10-25 00:35,success ,,completed,5,177
14,125,,,325,2018-12-17 13:25,2018-12-24 13:25,success ,,completed,4,125
13,55,,,255,2018-06-21 22:50,2018-06-23 22:50,success ,,completed,3,55
12,100,,,300,2018-05-09 07:22,2018-05-11 07:22,success ,,completed,2,100
11,166,,,366,2019-03-22 02:41,2019-03-28 02:41,success ,,completed,1,166
20,188,,,388,2018-08-16 04:37,2018-08-21 04:37,success ,,completed,10,188
19,166,,,366,2018-10-10 01:55,2018-10-12 01:55,success ,,completed,9,166
18,100,,,300,2018-09-13 17:49,2018-09-18 17:49,success ,,completed,8,100
17,106,,,306,2018-04-05 22:01,2018-04-06 22:01,success ,,completed,7,106
16,87,,,287,2018-12-24 11:42,2018-12-30 11:42,success ,,completed,6,87
15,170,,,370,2018-04-29 01:19,2018-05-05 01:19,success ,,completed,5,170
14,130,,,330,2018-02-03 07:27,2018-02-07 07:27,success ,,completed,4,130
13,75,,,275,2017-08-11 10:41,2017-08-14 10:41,success ,,completed,3,75
12,102,,,302,2018-03-08 06:32,2018-03-10 06:32,success ,,completed,2,102
11,104,,,304,2018-01-03 10:56,2018-01-06 10:56,success ,,completed,1,104
20,58,,,258,2017-08-20 02:54,2017-08-25 02:54,success ,,completed,10,58
19,63,,,263,2018-06-18 04:51,2018-06-20 04:51,success ,,completed,9,63
18,48,,,248,2018-04-09 18:43,2018-04-11 18:43,success ,,completed,8,48
17,95,,,295,2017-07-12 09:31,2017-07-18 09:31,success ,,completed,7,95
16,97,,,297,2018-07-01 11:07,2018-07-03 11:07,success ,,completed,6,97
15,141,,,341,2017-09-13 15:07,2017-09-16 15:07,success ,,completed,5,141
14,168,,,368,2017-12-18 14:40,2017-12-19 14:40,success ,,completed,4,168
13,66,,,266,2018-09-23 21:56,2018-09-24 21:56,success ,,completed,3,66
12,178,,,378,2018-12-03 15:38,2018-12-09 15:38,success ,,completed,2,178
11,40,,,240,2017-11-13 13:15,2017-11-19 13:15,success ,,completed,1,40
20,127,,,327,2017-09-13 15:59,2017-09-14 15:59,success ,,completed,10,127
19,139,,,339,2017-07-06 16:48,2017-07-07 16:48,success ,,completed,9,139
18,155,,,355,2018-04-10 13:01,2018-04-11 13:01,success ,,completed,8,155
17,13,,,213,2018-06-18 16:31,2018-06-25 16:31,success ,,completed,7,13
16,33,,,233,2017-08-02 03:52,2017-08-05 03:52,success ,,completed,6,33
15,104,,,304,2018-10-03 02:54,2018-10-06 02:54,success ,,completed,5,104
14,96,,,296,2018-04-24 06:33,2018-04-29 06:33,success ,,completed,4,96
13,15,,,215,2018-10-14 08:19,2018-10-15 08:19,success ,,completed,3,15
12,42,,,242,2018-09-14 12:35,2018-09-18 12:35,success ,,completed,2,42
11,142,,,342,2017-11-26 00:00,2017-11-27 00:00,success ,,completed,1,142
20,99,,,299,2017-07-08 07:04,2017-07-12 07:04,success ,,completed,10,99
19,48,,,248,2017-09-25 16:03,2017-09-30 16:03,success ,,completed,9,48
18,180,,,380,2019-04-09 01:55,2019-04-16 01:55,success ,,completed,8,180
17,191,,,391,2018-04-25 14:08,2018-04-30 14:08,success ,,completed,7,191
16,164,,,364,2018-03-17 23:36,2018-03-19 23:36,success ,,completed,6,164
15,87,,,287,2017-10-23 03:44,2017-10-28 03:44,success ,,completed,5,87
14,191,,,391,2019-06-11 03:34,2019-06-16 03:34,success ,,completed,4,191
13,44,,,244,2017-12-09 05:08,2017-12-15 05:08,success ,,completed,3,44
12,198,,,398,2018-04-27 16:18,2018-04-28 16:18,success ,,completed,2,198
11,21,,,221,2018-07-04 00:20,2018-07-06 00:20,success ,,completed,1,21
20,52,,,252,2018-11-19 03:43,2018-11-23 03:43,success ,,completed,10,52
19,169,,,369,2018-01-03 03:42,2018-01-08 03:42,success ,,completed,9,169
18,194,,,394,2019-05-30 09:14,2019-06-01 09:14,success ,,completed,8,194
17,56,,,256,2017-10-13 14:54,2017-10-15 14:54,success ,,completed,7,56
16,33,,,233,2018-02-23 11:12,2018-02-26 11:12,success ,,completed,6,33
15,137,,,337,2017-11-22 03:21,2017-11-27 03:21,success ,,completed,5,137
14,147,,,347,2018-11-20 17:21,2018-11-25 17:21,success ,,completed,4,147
13,193,,,393,2017-10-15 07:32,2017-10-20 07:32,success ,,completed,3,193
12,107,,,307,2017-07-30 00:09,2017-08-03 00:09,success ,,completed,2,107
11,37,,,237,2019-04-05 11:46,2019-04-06 11:46,success ,,completed,1,37
20,70,,,270,2018-02-23 14:23,2018-02-26 14:23,success ,,completed,10,70
19,149,,,349,2019-01-08 11:32,2019-01-09 11:32,success ,,completed,9,149
18,91,,,291,2018-02-16 05:54,2018-02-19 05:54,success ,,completed,8,91
17,26,,,226,2018-07-01 17:28,2018-07-08 17:28,success ,,completed,7,26
16,9,,,209,,,incomplete,,pending,2,9
15,103,,,303,,,incomplete,,pending,2,103
14,30,,,230,,,incomplete,,pending,2,30
13,138,,,338,,,incomplete,,pending,2,138
12,37,,,237,,,incomplete,,pending,2,37
11,22,,,222,,,incomplete,,pending,2,22
