created_at,updated_at,project_type,product_range,appartments,floors,underground_floors,shafts_required,total_cost,stores_and_shops,parking_spaces,elevator_shafts_required,businesses,max_nb_occ_by_floor,business_hours
2017-07-18 16:33:01,2018-06-26 11:51:06,commercial,Standard,37,59,3,1,41298,35,61,3,9,31,21
2019-02-07 12:23:32,2018-11-01 08:51:07,residential,Premium,92,71,2,1,68401,25,176,1,21,6,1
2017-08-21 09:24:37,2019-02-13 18:59:59,corporate,Standard,13,79,2,9,60001,36,56,1,19,11,1
2019-03-27 23:19:37,2019-06-15 09:40:10,commercial,Excelium,27,13,4,4,71073,37,136,5,9,8,8
2018-07-09 13:06:50,2018-07-17 15:15:28,hybrid,Premium,27,36,4,2,65908,28,177,8,21,8,10
2018-05-01 07:59:10,2017-11-23 02:05:11,commercial,Premium,19,22,1,5,32746,21,172,6,15,24,14
2018-11-21 05:58:39,2017-09-13 20:27:58,residential,Standard,95,34,5,8,13342,1,52,8,11,2,12
2016-11-02 07:05:12,2018-07-31 23:40:56,corporate,Standard,60,33,2,1,94725,6,158,4,37,38,19
2016-07-17 21:15:09,2017-12-26 03:32:58,commercial,Standard,86,34,3,6,57402,7,51,10,13,1,4
2017-02-26 08:36:40,2019-01-01 07:14:09,corporate,Premium,57,2,5,7,59977,1,119,10,3,29,12
2017-04-09 19:59:02,2019-04-18 10:35:23,hybrid,Excelium,56,47,4,5,12536,6,178,2,27,36,6
2017-12-28 01:34:34,2018-11-11 15:47:08,residential,Excelium,15,30,2,4,93912,38,113,9,28,6,18
2017-07-09 20:44:13,2017-07-18 07:33:13,corporate,Standard,72,27,1,3,15358,36,65,10,9,40,7
2018-04-21 10:47:57,2018-08-30 06:53:11,residential,Premium,60,21,3,7,24806,19,12,10,34,37,2
2017-09-13 13:58:12,2019-04-17 01:52:40,residential,Excelium,7,19,4,7,43443,32,39,1,2,12,10
2019-05-05 03:51:24,2019-03-28 15:09:25,corporate,Premium,99,4,1,10,84115,22,153,5,5,33,2
2017-08-29 03:02:00,2019-03-10 23:38:39,commercial,Premium,80,8,3,2,46686,1,73,6,30,14,9
2019-03-02 19:43:02,2019-03-19 05:50:04,commercial,Premium,63,57,1,7,94112,20,28,6,18,10,12
2019-05-18 16:31:59,2019-06-28 03:57:44,corporate,Excelium,83,53,4,6,96632,18,10,6,21,20,15
2019-03-20 09:44:39,2018-10-04 20:17:01,residential,Standard,91,36,2,2,59508,21,32,9,9,27,22
2016-08-27 13:32:00,2018-07-16 06:49:53,hybrid,Excelium,62,19,4,1,68872,4,39,3,32,9,23
2016-10-15 03:14:37,2018-05-07 21:00:51,commercial,Premium,81,29,4,9,57502,23,111,10,3,13,22
2019-03-24 06:22:19,2018-05-03 10:37:29,commercial,Premium,28,35,4,10,33037,40,51,8,37,30,15
2018-12-02 07:02:30,2017-08-19 18:44:34,hybrid,Standard,80,26,2,2,59824,22,146,6,29,17,14
2019-06-30 02:17:55,2018-05-16 03:07:43,residential,Standard,1,28,1,3,86629,21,164,7,39,12,20
2018-05-02 03:20:06,2017-11-08 20:55:00,hybrid,Premium,75,8,1,6,76267,35,81,5,12,25,20
2017-12-17 15:09:39,2018-09-26 02:04:04,commercial,Excelium,68,59,5,10,85531,29,70,7,27,25,20
2018-09-20 21:00:41,2019-02-07 13:40:41,residential,Excelium,88,38,5,9,46980,21,70,7,37,11,7
2016-09-01 04:33:32,2018-01-19 04:20:40,hybrid,Excelium,88,10,4,4,24231,18,124,6,23,12,6
2017-05-23 11:20:48,2018-05-28 06:47:11,commercial,Standard,71,65,4,10,48052,22,84,7,4,1,5
2016-12-14 03:19:18,2018-06-10 22:59:08,hybrid,Excelium,96,13,3,3,52707,24,44,4,39,34,8
2019-07-06 02:16:50,2018-07-29 08:45:59,residential,Standard,74,69,3,3,30580,20,118,8,13,2,4
2017-12-15 15:58:24,2019-06-09 08:19:16,residential,Premium,31,67,5,6,13488,20,135,4,5,1,16
2018-04-06 04:14:45,2019-01-18 17:33:41,commercial,Excelium,45,45,5,4,21787,26,184,7,26,14,16
2019-07-10 20:03:16,2019-05-04 06:32:19,commercial,Excelium,36,75,5,8,39945,14,138,9,31,30,4
2016-07-23 07:42:14,2018-05-16 05:35:31,hybrid,Standard,5,19,4,5,58026,3,191,9,10,12,16
2017-07-13 01:48:08,2018-03-20 10:47:51,commercial,Standard,7,76,1,5,29170,27,140,4,14,35,13
2016-09-22 21:06:21,2019-06-12 16:55:14,commercial,Excelium,72,16,4,10,18111,34,68,1,28,17,23
2018-05-26 11:13:53,2019-03-21 11:19:19,corporate,Premium,54,70,3,9,33813,31,61,3,28,38,12
2018-09-16 20:15:08,2018-06-26 10:37:22,commercial,Premium,25,21,5,5,32209,21,171,1,15,30,5
2017-07-29 18:57:14,2017-11-01 09:33:42,residential,Premium,93,36,2,2,16655,35,163,9,33,33,23
2017-05-26 14:30:48,2018-10-08 14:44:01,commercial,Premium,68,25,4,5,29011,25,185,5,17,37,24
2018-09-09 06:23:38,2018-10-03 02:53:59,commercial,Standard,33,78,4,10,48947,33,124,6,25,17,1
2016-07-19 17:24:28,2018-06-26 09:06:03,residential,Excelium,82,10,2,2,8612,16,75,3,15,39,7
2016-08-10 07:06:54,2019-01-24 12:33:56,commercial,Standard,84,22,5,10,24082,23,78,1,19,14,4
2018-08-07 03:10:00,2018-08-16 10:47:39,hybrid,Excelium,37,20,2,5,5798,29,31,2,14,17,6
2019-03-11 12:34:30,2019-03-20 19:10:38,corporate,Standard,71,31,2,6,25090,20,46,2,36,9,16
2019-06-15 15:39:01,2018-03-26 22:33:17,commercial,Standard,39,48,4,4,47895,17,116,3,20,13,15
2016-07-22 03:18:42,2019-02-18 00:14:23,commercial,Excelium,21,40,4,10,68429,8,87,8,27,30,2
2019-06-04 20:31:03,2018-01-25 10:00:48,commercial,Standard,96,63,2,10,29469,24,113,3,19,26,7
2017-03-20 16:30:43,2018-06-20 05:41:19,corporate,Excelium,43,40,5,7,90128,23,136,4,36,8,1
2017-05-26 03:19:03,2017-12-05 04:46:59,residential,Premium,80,29,1,10,79431,22,33,7,8,37,10
2018-08-10 14:27:57,2018-03-06 04:07:35,corporate,Excelium,89,6,2,9,52657,20,81,2,23,11,13
2016-12-12 11:44:47,2018-03-01 05:45:55,residential,Excelium,53,44,1,4,55225,38,108,2,22,17,12
2019-01-04 05:32:39,2018-03-31 09:29:40,commercial,Excelium,35,46,1,8,27932,2,120,2,28,38,13
2019-06-30 19:54:07,2017-11-11 12:37:40,corporate,Standard,24,25,4,3,52588,35,84,6,19,7,17
2019-06-08 05:37:08,2017-12-15 10:16:01,commercial,Excelium,6,18,3,9,47888,21,44,3,24,22,2
2018-12-24 05:43:10,2018-07-06 18:16:20,residential,Standard,28,7,5,3,77396,28,110,9,39,40,21
2019-04-19 06:20:35,2017-12-16 05:57:43,hybrid,Standard,39,44,1,10,23769,21,74,6,13,3,4
2017-09-30 18:11:39,2019-05-04 21:48:17,corporate,Standard,92,19,3,9,52279,15,180,2,31,14,1
2017-05-27 13:20:41,2018-08-25 15:14:00,hybrid,Standard,3,75,4,7,12441,10,52,8,37,38,7
2017-03-29 10:39:26,2019-03-09 01:00:34,commercial,Excelium,51,37,4,5,64054,39,131,10,23,5,8
2017-03-29 19:06:27,2018-12-09 03:26:12,commercial,Excelium,19,71,1,3,47931,39,77,2,9,37,10
2018-11-02 17:47:13,2019-05-21 08:11:54,corporate,Excelium,46,51,3,10,32048,10,158,8,14,2,5
2019-06-25 15:50:40,2018-09-23 06:30:25,residential,Premium,38,33,1,9,92471,7,77,9,24,15,7
2017-12-02 05:20:35,2017-08-29 03:59:36,commercial,Standard,23,20,1,7,34147,39,54,10,9,32,6
2019-01-17 17:34:10,2019-05-06 04:06:41,commercial,Excelium,49,18,3,2,63886,17,134,5,28,16,24
2019-03-20 14:25:53,2017-11-09 13:49:01,corporate,Standard,80,44,2,9,98662,19,141,2,26,21,22
2018-05-28 15:55:18,2017-08-24 01:14:43,commercial,Standard,15,25,5,2,56939,35,198,10,3,24,15
2016-11-20 09:33:34,2019-06-16 14:46:04,hybrid,Standard,95,48,1,4,99495,27,37,7,23,19,22
2019-01-20 01:46:08,2018-12-31 11:32:51,commercial,Premium,22,51,1,10,97659,35,123,3,26,31,14
2018-01-22 00:22:20,2017-11-04 03:48:20,hybrid,Standard,79,65,3,4,76268,39,128,6,31,7,17
2017-05-07 13:09:03,2018-05-21 13:39:42,residential,Excelium,95,5,4,6,19756,4,77,5,38,35,8
2018-12-22 00:33:42,2018-01-30 10:32:33,residential,Standard,66,30,5,9,14146,9,144,2,3,7,19
2018-01-25 15:22:19,2019-01-20 01:18:37,hybrid,Premium,26,59,5,7,16010,25,194,10,25,1,15
2017-02-09 23:26:30,2019-03-09 04:50:48,residential,Standard,67,71,2,3,91073,37,157,10,3,16,22
2018-12-14 15:22:17,2018-05-18 02:11:12,residential,Standard,100,11,2,5,50035,1,115,2,39,39,7
2016-09-20 12:01:29,2018-09-09 18:10:07,hybrid,Standard,3,37,2,4,90206,30,90,3,40,19,2
2019-05-11 20:31:47,2018-07-26 06:45:27,corporate,Excelium,67,28,5,10,49145,37,197,5,31,26,2
2017-11-18 16:02:01,2018-02-08 13:45:52,residential,Excelium,10,36,4,2,5522,8,154,4,19,3,20
2017-03-21 06:45:54,2018-03-27 14:19:35,hybrid,Standard,11,14,5,8,27585,2,17,6,35,22,3
2018-10-07 22:50:31,2019-05-16 06:48:58,commercial,Standard,31,61,4,10,52089,2,199,8,3,34,11
2018-05-20 11:40:13,2017-11-17 07:52:50,hybrid,Standard,9,20,1,9,86546,38,24,5,39,38,10
2017-02-03 02:07:31,2019-05-09 18:34:10,commercial,Premium,58,23,4,4,51250,31,151,4,29,28,13
2016-12-19 11:58:43,2018-06-27 01:22:14,corporate,Excelium,26,68,3,4,97201,39,38,7,37,32,8
2018-04-02 08:42:21,2018-07-26 08:10:10,commercial,Standard,95,39,4,8,13429,28,89,5,10,36,24
2016-10-14 18:46:33,2018-08-26 11:05:08,hybrid,Excelium,95,80,3,4,53208,32,133,9,24,3,21
2018-03-02 19:02:51,2019-04-08 19:15:58,hybrid,Premium,35,74,4,6,15569,33,115,2,32,19,8
2017-12-27 13:36:15,2018-06-02 10:19:05,commercial,Excelium,62,33,3,6,39803,27,153,3,38,14,13
2018-01-16 11:26:37,2019-04-30 11:25:54,hybrid,Excelium,62,2,4,2,32540,8,189,1,28,24,24
2017-07-08 19:10:42,2017-09-02 08:56:25,corporate,Excelium,83,25,5,4,16427,7,135,8,20,35,13
2017-06-16 18:44:09,2018-06-13 15:18:25,hybrid,Standard,33,53,3,1,29519,30,117,5,14,25,5
2017-11-29 04:26:29,2017-07-27 14:13:23,corporate,Excelium,91,76,2,5,94778,17,115,5,35,35,24
2018-12-16 16:34:12,2017-11-12 00:33:36,residential,Excelium,89,8,1,3,14442,34,27,1,28,11,1
2016-09-20 21:19:39,2017-07-06 04:59:57,corporate,Excelium,52,13,5,4,40595,20,101,7,29,11,1
2018-06-09 03:24:28,2018-08-07 00:13:09,hybrid,Premium,19,39,2,9,70068,26,83,1,21,31,23
2019-01-25 06:30:58,2017-09-01 13:49:41,corporate,Premium,85,73,4,7,35730,9,126,8,5,38,20
2018-03-18 01:10:12,2018-10-30 18:54:27,commercial,Standard,47,3,1,4,57642,19,14,10,34,23,1
2016-10-11 03:15:00,2017-09-19 16:54:58,commercial,Standard,67,30,4,2,67303,28,170,6,11,38,7
2019-02-20 23:21:32,2018-03-21 07:37:32,commercial,Premium,23,12,3,9,13598,20,56,2,23,16,20
2017-12-29 00:46:28,2017-12-21 12:28:25,corporate,Premium,64,35,4,10,64459,14,38,7,28,7,13
2019-06-21 14:06:22,2017-08-14 16:58:22,residential,Premium,99,58,5,2,23247,32,47,6,6,40,9
2017-09-19 04:04:13,2018-01-07 20:01:58,commercial,Standard,74,4,2,3,37864,16,116,1,25,23,23
2019-05-04 00:44:19,2018-11-23 13:27:57,corporate,Standard,84,40,4,4,34828,36,174,4,34,3,19
2019-05-21 23:38:40,2019-02-19 22:15:24,corporate,Excelium,23,53,3,3,26213,7,145,1,31,18,14
2018-12-13 08:21:50,2018-01-17 12:58:14,commercial,Excelium,90,22,5,4,34763,37,18,3,19,29,2
2018-12-13 09:04:45,2017-09-26 17:57:27,commercial,Excelium,98,10,3,6,32305,31,143,9,33,35,21
2017-07-16 00:04:14,2018-09-04 07:24:48,residential,Premium,1,40,2,7,54158,5,43,6,12,5,13
2017-06-17 19:16:00,2018-05-10 05:23:22,commercial,Excelium,15,80,4,1,28937,39,103,5,6,38,14
2018-08-10 06:04:29,2017-12-15 22:29:24,commercial,Excelium,15,32,5,5,54854,2,158,5,15,15,3
2018-01-03 04:23:04,2017-07-20 10:49:54,corporate,Excelium,35,72,5,7,62873,3,18,2,13,28,16
2016-07-16 23:50:22,2017-10-28 17:32:06,residential,Excelium,29,33,4,2,24998,16,30,8,20,9,4
2017-06-30 06:07:53,2018-10-13 20:09:17,residential,Standard,56,63,3,2,22959,38,166,10,10,18,1
2018-03-31 10:00:47,2018-10-30 20:47:30,commercial,Premium,43,69,4,6,67660,3,135,8,6,3,22
2018-05-06 13:31:44,2017-10-11 03:01:11,commercial,Premium,9,45,5,3,35583,16,45,4,14,2,10
2018-12-29 05:27:30,2019-05-16 10:25:10,residential,Excelium,88,72,4,8,12455,1,39,1,29,36,23
2018-04-22 14:33:29,2018-02-06 21:53:38,corporate,Premium,100,71,5,8,24331,3,195,9,28,9,2
2017-07-09 04:58:46,2017-07-10 20:02:54,hybrid,Standard,67,51,2,5,38932,18,86,6,24,4,23
2018-06-16 12:15:05,2019-03-29 13:36:52,corporate,Excelium,38,24,5,2,47583,28,112,1,15,26,9
2018-06-20 22:01:14,2018-10-30 01:32:32,commercial,Standard,81,57,4,2,34618,22,56,3,35,18,19
2016-10-16 18:25:43,2017-11-03 03:44:22,hybrid,Premium,46,71,5,3,22575,22,139,8,28,31,5
2018-05-25 20:29:37,2017-09-25 16:45:34,residential,Excelium,53,55,3,10,12130,21,28,6,25,1,24
2017-05-09 00:24:10,2018-01-30 16:57:02,hybrid,Premium,22,3,3,10,53813,7,157,7,4,12,14
2018-01-31 15:21:54,2018-12-23 22:06:31,residential,Excelium,42,52,3,10,99227,40,16,10,7,5,23
2016-08-25 12:27:14,2018-11-17 17:06:03,commercial,Premium,80,56,1,4,80840,31,12,4,1,2,4
2018-07-04 10:05:04,2017-07-16 14:28:47,corporate,Excelium,6,49,3,4,19567,11,64,4,17,38,7
2017-01-07 10:11:56,2019-02-23 04:18:57,residential,Standard,32,78,5,2,11610,16,42,5,10,11,17
2016-08-18 19:43:21,2018-12-12 01:20:55,corporate,Standard,87,12,1,2,61121,9,65,6,8,22,13
2018-05-02 13:54:43,2017-12-16 20:19:57,hybrid,Standard,67,58,4,2,21051,1,140,10,10,39,8
2018-05-30 22:02:38,2017-07-01 12:40:37,corporate,Premium,100,65,5,1,79794,27,90,1,28,8,14
2019-05-11 07:32:14,2019-03-01 22:28:12,commercial,Excelium,77,44,1,7,64119,22,119,5,7,4,3
2017-04-07 07:31:44,2018-01-15 06:00:24,hybrid,Premium,70,17,3,6,37819,28,103,4,26,16,9
2017-08-21 23:53:23,2017-09-26 20:25:58,residential,Standard,61,31,5,2,9469,34,18,6,30,12,7
2017-05-22 05:00:28,2018-04-12 18:51:39,commercial,Excelium,25,74,4,1,92012,17,41,4,5,28,21
2016-09-13 05:22:39,2019-02-19 14:27:37,hybrid,Excelium,8,33,1,5,52755,4,144,4,24,39,8
2017-04-30 16:34:37,2018-10-15 21:26:39,commercial,Excelium,11,9,2,3,58062,20,71,1,29,18,17
2018-12-02 14:56:57,2017-07-22 10:34:52,hybrid,Premium,64,38,3,4,83480,20,140,1,27,5,10
2019-02-22 14:02:39,2017-11-08 11:23:15,corporate,Excelium,93,35,3,4,94653,15,52,9,40,4,20
2018-12-22 10:29:50,2017-11-02 08:30:15,commercial,Standard,16,21,3,7,84002,3,17,4,29,35,4
2019-05-26 03:41:13,2017-11-25 07:17:53,corporate,Standard,80,64,2,6,40753,1,191,2,19,7,12
2018-04-08 10:54:56,2018-01-03 13:59:26,corporate,Standard,75,67,1,8,38189,24,184,7,18,38,9
2017-06-06 01:26:33,2017-10-06 01:59:07,corporate,Standard,69,7,3,3,48576,37,100,9,22,7,10
2018-11-16 01:58:01,2017-09-21 00:16:37,corporate,Standard,51,18,5,1,44693,4,76,4,7,38,21
2016-10-12 02:32:52,2018-04-24 02:37:24,corporate,Standard,31,33,5,9,44397,26,81,5,37,24,4
2019-04-10 13:30:45,2017-09-21 09:09:53,commercial,Excelium,44,6,5,5,23056,2,50,2,3,33,18
2018-01-01 00:53:59,2018-04-08 00:15:23,hybrid,Excelium,2,26,2,2,42656,36,18,2,6,2,7
2017-01-11 15:21:53,2019-06-10 05:49:46,commercial,Premium,46,11,2,3,29089,40,89,3,31,29,22
2018-11-21 14:28:04,2018-10-26 12:17:13,commercial,Premium,79,53,5,6,96766,18,16,4,25,20,3
2016-11-29 07:13:59,2017-11-12 15:49:52,commercial,Premium,56,4,3,6,85601,2,67,5,3,39,22
2017-01-13 06:15:32,2018-11-28 15:32:02,commercial,Excelium,91,7,4,10,99476,22,24,10,5,27,1
2017-05-25 12:17:32,2019-07-08 13:12:40,residential,Standard,8,29,1,4,99851,20,29,10,23,37,10
2019-04-13 08:48:32,2018-04-23 15:17:27,hybrid,Excelium,68,52,5,6,97391,16,89,9,25,2,21
2019-02-24 14:29:28,2018-08-27 06:22:24,residential,Standard,85,21,2,7,15012,10,35,9,17,22,6
2018-04-16 22:03:05,2017-11-30 08:42:21,corporate,Premium,6,64,3,2,16893,31,148,4,6,26,17
2018-12-25 06:17:38,2018-03-07 13:09:13,residential,Premium,19,45,1,3,97829,6,143,9,37,5,14
2018-12-12 12:06:21,2018-12-08 18:43:17,residential,Excelium,50,11,4,6,21099,12,122,4,17,10,23
2018-03-12 18:30:54,2019-05-11 14:31:51,corporate,Premium,67,71,1,2,12373,8,116,4,23,31,10
2018-04-13 04:51:15,2019-02-22 15:33:01,commercial,Excelium,91,23,5,1,27143,37,21,2,34,21,1
2019-03-09 12:33:05,2018-06-18 02:22:52,hybrid,Premium,17,61,5,7,9111,6,141,3,21,22,4
2018-03-09 08:18:57,2019-06-08 14:18:04,residential,Excelium,88,57,3,6,51760,7,80,2,5,9,19
2016-12-24 22:48:10,2017-10-31 11:44:51,corporate,Standard,87,78,5,6,41561,29,132,9,15,38,2
2018-12-04 21:24:49,2017-08-09 04:23:39,commercial,Excelium,69,43,4,2,63076,7,151,2,16,23,15
2019-06-12 10:20:50,2019-01-06 15:53:56,commercial,Excelium,60,62,4,3,6583,30,128,4,29,22,22
2017-08-16 05:53:28,2017-10-06 11:47:59,residential,Premium,74,73,4,2,66856,16,197,9,1,31,3
2016-12-14 19:15:34,2018-09-19 18:37:56,residential,Premium,36,44,1,10,28951,31,156,5,26,37,21
2017-04-24 08:08:36,2018-11-02 21:48:05,hybrid,Premium,9,59,2,10,77756,25,135,7,16,30,13
2017-12-31 07:54:04,2018-10-15 04:29:39,corporate,Premium,15,65,2,6,50082,14,26,10,34,40,4
2017-02-06 17:23:54,2017-09-26 00:58:11,hybrid,Premium,77,41,5,5,69705,34,197,8,27,35,20
2018-09-26 06:19:01,2019-05-24 23:36:20,corporate,Excelium,99,22,4,1,79401,33,138,9,36,31,2
2016-08-28 01:17:12,2019-01-21 12:00:11,residential,Standard,12,45,5,10,53689,13,195,1,21,7,19
2018-07-05 05:00:02,2018-05-25 08:35:52,corporate,Standard,87,67,5,1,86088,14,55,2,13,28,21
2017-01-10 22:13:38,2019-06-29 20:05:13,hybrid,Standard,81,71,4,6,77070,7,31,4,26,11,12
2017-09-17 14:20:26,2018-03-18 07:39:48,residential,Premium,25,6,2,2,37681,23,45,4,20,20,24
2018-06-09 10:30:20,2018-02-06 01:36:47,residential,Standard,23,9,2,9,66980,38,59,2,3,8,4
2019-03-16 22:45:53,2018-08-20 14:19:18,commercial,Standard,82,6,1,6,95066,21,13,9,29,22,22
2016-11-13 05:51:40,2018-10-04 06:59:17,corporate,Excelium,46,37,1,8,97956,20,131,3,11,10,2
2019-03-12 22:40:11,2019-02-07 11:05:41,residential,Standard,12,28,1,7,47800,35,186,8,37,26,3
2019-07-04 07:04:53,2018-10-09 02:40:50,hybrid,Standard,31,71,4,5,30369,25,40,2,15,36,11
2018-07-22 07:07:51,2019-01-18 23:06:51,residential,Premium,64,27,2,3,63787,34,62,10,13,32,22
2018-04-11 13:00:06,2017-11-17 16:46:43,hybrid,Standard,85,65,4,9,25601,40,31,6,32,10,5
2016-09-19 15:05:53,2017-12-07 14:58:10,commercial,Premium,27,7,3,7,57469,20,42,5,37,7,14
2018-09-15 08:23:36,2017-08-14 11:07:23,residential,Premium,93,5,1,8,20043,4,161,10,31,39,17
2018-09-05 20:09:26,2017-12-06 19:11:05,hybrid,Premium,77,42,1,1,58239,1,122,5,29,23,13
2019-04-09 13:51:33,2018-03-23 23:02:07,hybrid,Excelium,97,33,5,8,11453,34,198,5,30,30,24
2017-08-10 09:23:01,2018-01-23 14:37:31,commercial,Standard,13,53,3,8,92892,17,65,8,26,31,2
2017-07-18 02:36:36,2019-03-03 15:58:40,hybrid,Excelium,53,26,2,8,49971,4,95,8,40,1,20
2017-05-17 00:28:24,2018-06-18 11:36:17,residential,Premium,8,8,1,4,57089,24,106,8,20,25,8
2018-08-07 23:27:31,2018-07-01 15:32:43,commercial,Standard,87,45,1,8,90555,25,13,10,31,25,18
2018-09-28 18:38:01,2018-05-04 06:34:28,corporate,Standard,19,39,3,8,32266,39,156,9,27,29,20
2017-03-14 03:43:55,2017-11-01 20:37:09,hybrid,Excelium,32,46,1,4,83304,28,114,8,20,16,11
2016-11-14 09:28:19,2018-12-11 22:36:03,commercial,Excelium,12,2,4,2,62831,27,100,8,37,6,23
2018-02-13 15:59:35,2019-03-14 17:55:14,residential,Standard,33,58,5,1,15696,28,110,6,36,13,2
2018-10-17 23:07:37,2017-11-10 23:33:42,corporate,Excelium,53,25,5,8,14605,11,130,10,18,5,23
2019-02-27 07:57:32,2017-07-31 10:50:16,corporate,Standard,86,3,5,2,9214,24,56,4,3,16,24
2018-04-21 23:15:35,2017-12-31 09:12:56,commercial,Premium,38,50,4,9,33528,26,124,8,15,9,6
2017-11-17 09:25:20,2019-02-08 11:22:14,corporate,Standard,42,48,4,9,70931,3,20,9,39,2,1
2016-09-03 12:02:21,2017-10-25 03:37:08,residential,Excelium,39,62,2,2,51905,13,52,1,38,27,5
2017-07-03 22:09:36,2018-05-29 03:41:44,hybrid,Premium,7,73,2,4,69351,40,192,9,33,1,8
2018-07-31 23:37:05,2018-04-21 22:32:30,residential,Standard,56,65,5,10,90177,33,59,8,14,8,3
2018-03-02 16:56:45,2017-12-28 17:41:36,corporate,Excelium,42,19,1,3,33614,13,134,5,16,40,20
2019-05-09 01:06:03,2018-06-03 02:33:21,hybrid,Excelium,17,61,1,10,80175,35,59,5,7,9,16
2016-09-16 04:24:11,2018-04-19 11:40:40,commercial,Excelium,46,76,3,1,26603,26,68,6,27,8,4
2019-04-24 07:17:09,2018-06-21 20:06:19,residential,Premium,92,7,3,1,88677,15,196,4,28,27,4
2017-05-27 09:43:49,2017-09-22 05:22:47,residential,Standard,83,60,4,10,46147,10,94,4,13,3,20
2018-05-30 23:23:06,2017-09-23 01:07:40,residential,Standard,30,6,1,9,14034,25,186,5,36,37,21
2018-07-31 14:48:46,2018-07-04 01:38:35,commercial,Standard,40,47,1,1,87144,32,60,9,11,15,17
2018-07-16 11:33:03,2018-10-31 17:29:53,commercial,Excelium,45,26,3,5,33403,40,137,10,32,10,16
2018-10-16 03:01:42,2018-02-18 02:11:32,hybrid,Standard,100,4,2,5,60604,31,191,9,22,6,2
2017-12-25 22:57:46,2018-09-29 05:37:31,hybrid,Excelium,50,39,1,1,26536,10,47,1,30,23,13
2017-04-09 19:54:47,2018-09-25 17:19:50,residential,Premium,95,29,2,10,87246,3,55,2,20,12,10
2019-01-24 00:04:20,2018-05-03 03:11:52,commercial,Excelium,30,61,1,10,6672,2,72,5,31,24,24
2018-08-13 17:43:22,2017-07-05 13:01:39,residential,Excelium,53,38,4,6,26722,36,20,6,37,35,3
2017-07-29 16:31:46,2019-01-09 17:11:54,commercial,Premium,82,23,2,2,92874,31,163,7,10,17,11
2016-11-01 19:12:11,2018-07-14 15:01:03,residential,Excelium,97,47,5,10,13451,7,144,8,15,25,4
2016-08-26 20:51:58,2018-10-17 01:25:22,residential,Premium,65,53,1,4,96055,30,174,2,18,28,13
2017-12-24 03:38:38,2018-10-10 15:31:04,hybrid,Premium,87,37,1,3,83328,13,97,10,39,29,2
2018-07-07 04:57:44,2018-02-03 13:33:17,corporate,Standard,13,79,4,4,45124,40,96,3,5,24,3
2019-03-11 02:38:46,2019-05-04 05:50:07,corporate,Standard,5,13,5,5,69172,31,124,6,3,37,6
2017-02-16 06:50:24,2019-04-14 05:28:41,hybrid,Excelium,95,30,3,8,65763,2,89,5,28,24,12
2016-10-08 11:40:57,2018-05-12 14:15:09,corporate,Excelium,44,4,2,6,87761,38,194,1,28,15,6
2019-03-19 09:22:43,2018-05-23 14:52:06,residential,Excelium,38,27,3,1,53443,26,16,5,38,13,5
2017-05-03 07:48:34,2018-02-23 06:44:15,hybrid,Standard,83,26,2,4,55223,1,135,6,24,1,2
2016-07-12 19:16:54,2018-11-04 16:10:28,commercial,Premium,96,56,5,8,43407,9,151,8,13,2,6
2018-02-24 12:35:35,2018-07-09 21:06:59,commercial,Excelium,39,70,5,6,63743,16,73,6,25,5,22
2018-12-27 03:09:00,2017-09-15 07:33:05,corporate,Excelium,16,28,3,3,38920,1,128,9,25,33,5
2018-01-18 04:42:01,2018-03-10 00:59:48,commercial,Standard,60,18,5,3,68076,5,199,10,4,33,2
2018-10-19 16:04:44,2018-06-16 15:48:02,hybrid,Premium,28,51,4,1,95889,37,136,8,22,38,14
2017-03-17 13:16:44,2019-02-05 17:37:55,commercial,Premium,26,31,2,10,9961,6,34,9,25,6,7
2019-02-15 21:15:54,2018-07-03 08:31:13,residential,Premium,77,32,4,10,71046,33,131,7,33,28,19
2016-08-06 01:46:18,2019-01-08 14:01:49,residential,Premium,55,40,2,9,68629,16,147,5,4,38,1
2018-11-23 08:12:13,2018-12-20 17:08:55,corporate,Premium,14,12,4,2,79907,25,180,9,26,22,18
2018-04-23 21:27:24,2017-08-16 15:09:42,hybrid,Premium,69,52,5,4,42373,20,28,8,30,12,19
2018-02-18 13:06:53,2018-05-30 18:16:49,hybrid,Premium,44,24,3,3,27200,6,103,8,1,23,24
2018-09-04 20:14:25,2017-10-14 11:23:30,commercial,Excelium,43,33,3,7,19306,3,157,4,22,34,22
2018-04-30 09:48:10,2018-07-18 18:56:56,hybrid,Premium,32,10,4,8,52096,36,170,5,32,8,11
2017-12-04 00:23:20,2019-04-13 03:04:26,residential,Premium,73,74,3,2,16736,21,21,7,37,40,1
2019-05-31 00:13:57,2019-06-25 12:28:11,commercial,Standard,8,70,3,9,80637,26,123,8,37,17,3
2016-09-22 08:36:14,2017-11-24 12:43:26,corporate,Premium,97,56,3,8,33496,17,117,4,40,32,12
2017-04-04 09:44:10,2018-09-29 13:14:43,hybrid,Standard,29,53,2,2,26601,13,146,5,12,36,22
2018-06-01 00:35:19,2019-05-13 09:23:27,commercial,Standard,24,75,2,9,9607,37,96,9,3,20,16
2018-08-28 15:47:31,2017-11-08 23:34:17,corporate,Premium,5,46,5,1,63704,36,15,7,20,26,5
2019-02-15 04:35:53,2018-08-23 17:43:23,residential,Standard,79,7,1,2,11165,35,178,5,31,34,18
2017-07-21 14:20:41,2017-12-23 08:54:07,hybrid,Premium,16,5,3,7,48745,15,111,8,39,37,16
2018-11-18 16:13:00,2017-08-20 15:15:01,residential,Standard,71,35,1,6,14892,39,149,7,33,9,1
2018-11-10 11:24:41,2018-12-25 03:18:48,commercial,Standard,58,11,5,5,78806,31,175,4,22,37,7
2019-03-14 13:25:39,2017-10-08 20:08:37,corporate,Premium,99,25,1,3,12190,27,141,4,9,26,18
2017-09-17 00:10:03,2019-06-05 04:57:45,commercial,Premium,89,3,2,1,15532,9,14,1,21,3,1
2017-12-04 13:59:02,2018-06-26 03:02:18,commercial,Premium,92,9,5,3,34875,9,127,3,4,5,4
2018-06-01 20:07:18,2019-03-16 07:16:39,residential,Excelium,39,16,3,2,10920,16,83,10,2,1,23
2018-02-22 21:08:13,2019-03-14 07:52:17,residential,Standard,52,10,4,1,77588,36,13,10,6,23,3
2016-11-16 01:51:07,2018-11-24 11:46:34,corporate,Premium,41,68,5,5,35344,27,53,8,40,11,17
2019-03-04 23:42:39,2018-09-22 09:31:02,commercial,Excelium,86,24,4,7,40222,3,132,6,38,14,2
2018-06-06 09:21:53,2017-09-16 04:04:51,residential,Standard,91,21,5,10,95388,33,118,4,3,6,4
2017-11-06 19:53:41,2017-09-08 19:08:09,hybrid,Standard,41,61,2,2,39079,1,100,10,33,40,19
2016-10-19 08:14:24,2018-11-08 19:59:52,corporate,Excelium,20,9,1,3,64539,22,73,4,22,7,21
2019-07-04 16:29:45,2017-09-08 13:30:49,hybrid,Premium,2,47,4,6,13987,15,70,5,26,28,23
2017-02-05 10:44:09,2017-08-25 07:11:47,residential,Excelium,91,25,2,9,57288,34,144,1,35,39,5
2017-11-12 00:42:49,2018-10-12 13:38:30,commercial,Standard,51,38,2,2,74287,29,21,10,28,32,18
2019-03-06 06:34:32,2017-10-20 06:59:19,hybrid,Excelium,75,72,3,5,8770,34,44,3,15,7,12
2017-03-05 01:10:46,2019-07-01 11:03:52,hybrid,Excelium,75,43,2,7,43713,24,193,9,15,5,22
2016-08-29 18:04:10,2018-04-04 05:13:52,hybrid,Excelium,55,47,1,3,83640,20,58,5,3,34,2
2016-11-30 19:40:27,2017-12-11 20:00:34,hybrid,Standard,92,43,1,8,47249,9,39,10,11,40,13
2018-11-15 13:35:22,2019-04-23 03:48:47,corporate,Excelium,3,47,2,9,59379,5,132,6,12,24,15
2017-02-11 17:59:14,2018-01-12 18:17:18,residential,Premium,60,21,1,6,37235,22,161,10,35,38,20
2016-12-03 00:44:33,2018-10-28 18:36:20,corporate,Standard,12,65,4,8,36481,24,184,7,6,38,15
2017-04-14 09:43:45,2018-09-19 09:46:41,corporate,Excelium,96,30,1,8,86704,17,160,1,11,7,6
2019-03-09 17:14:44,2018-02-07 23:22:29,commercial,Excelium,74,55,5,9,25054,10,169,8,27,7,6
2017-12-16 19:08:07,2017-09-11 20:27:48,commercial,Excelium,91,36,3,10,10762,22,44,3,4,35,12
2016-08-22 13:48:50,2017-08-05 23:28:27,hybrid,Excelium,84,74,3,3,97449,32,195,10,3,12,5
2018-12-01 13:39:38,2018-03-17 10:38:54,corporate,Premium,54,12,5,2,62719,7,91,2,6,32,8
2016-09-28 11:47:52,2018-12-14 21:49:58,residential,Standard,48,28,3,2,23255,17,136,5,21,15,23
2017-01-06 14:38:39,2017-07-18 15:24:32,commercial,Excelium,72,12,4,7,69955,4,158,2,11,34,20
2017-02-20 00:00:02,2018-11-19 10:50:49,hybrid,Premium,72,56,3,3,5457,29,176,8,12,6,9
2018-12-19 21:54:37,2019-04-27 15:22:53,commercial,Excelium,54,17,3,10,74555,27,10,5,37,12,10
2019-05-03 14:39:06,2019-05-18 22:41:34,commercial,Excelium,65,35,3,8,54621,2,22,9,2,12,3
2019-06-05 17:52:33,2018-09-30 19:24:32,corporate,Excelium,9,51,5,10,93211,33,197,10,20,23,20
2018-11-10 18:45:05,2018-11-08 11:35:30,hybrid,Premium,49,52,5,2,85265,28,52,3,38,20,14
2016-08-20 19:38:52,2018-12-06 05:40:36,hybrid,Excelium,20,79,2,2,47984,16,124,7,13,25,13
2018-09-21 02:12:26,2018-11-25 12:02:54,hybrid,Excelium,17,46,2,9,26030,22,53,7,14,40,23
2019-01-26 02:51:32,2018-10-03 03:37:55,hybrid,Standard,78,15,5,9,51049,32,134,7,15,9,18
2018-07-27 20:28:50,2019-03-17 16:26:39,residential,Standard,70,11,5,8,96927,33,176,2,5,7,19
2017-10-20 05:42:53,2019-01-04 06:23:04,commercial,Standard,87,52,3,7,45218,28,10,3,21,29,10
2017-07-03 18:47:11,2018-09-10 02:39:10,hybrid,Premium,89,19,1,9,15085,11,23,5,21,22,19
2017-05-15 03:16:37,2017-10-31 21:14:34,corporate,Standard,24,5,5,4,45729,29,164,4,32,3,4
2018-02-10 06:30:04,2018-12-03 01:57:05,hybrid,Standard,20,52,1,7,61786,25,120,7,22,3,4
2019-01-16 08:22:13,2019-06-16 06:10:56,commercial,Excelium,90,59,4,9,58245,14,56,2,2,23,6
2018-07-24 13:36:02,2018-01-05 08:10:06,commercial,Standard,75,53,2,7,6500,32,87,3,1,5,16
2017-10-23 16:12:54,2018-12-25 22:28:36,residential,Excelium,39,46,2,3,8578,4,196,4,1,20,1
2019-06-12 00:54:27,2018-07-24 05:52:05,corporate,Standard,92,58,5,8,40981,36,159,4,19,15,13
2018-12-28 12:25:02,2018-06-28 07:54:32,corporate,Excelium,68,40,5,3,71406,17,177,7,12,37,2
2017-07-03 12:33:41,2019-01-03 22:42:33,residential,Excelium,53,30,2,3,94319,7,158,3,34,11,7
2017-12-16 01:27:17,2018-01-14 05:23:12,commercial,Premium,70,55,5,10,93947,7,71,2,9,8,14
2016-10-30 15:39:25,2017-11-01 21:52:16,corporate,Standard,31,46,5,8,16467,9,147,8,8,13,12
2016-12-10 17:49:55,2019-05-24 14:56:39,commercial,Premium,86,61,1,8,26367,40,190,10,35,16,10
2017-10-10 00:38:00,2019-05-25 02:01:47,residential,Premium,26,64,2,3,36914,21,111,7,27,9,12
2018-10-05 19:51:23,2018-07-28 13:36:15,corporate,Standard,94,54,2,4,61387,21,192,9,33,37,12
2017-12-28 10:31:41,2018-03-29 14:13:48,hybrid,Premium,55,17,1,5,41321,26,145,8,9,32,17
2017-12-25 06:28:33,2019-06-16 01:40:17,commercial,Standard,32,69,1,7,64668,17,129,2,8,15,24
2017-10-17 16:24:50,2019-01-27 00:09:34,corporate,Premium,76,11,2,6,34533,8,82,6,40,21,18
2018-07-11 10:45:31,2017-08-18 11:56:46,corporate,Excelium,16,59,3,10,8410,13,105,10,39,31,2
2018-04-15 08:05:26,2018-08-25 23:33:25,hybrid,Premium,32,28,5,10,21413,24,138,8,22,25,16
2017-12-01 23:09:49,2018-09-04 13:30:37,corporate,Premium,5,17,5,2,49905,19,119,4,32,39,1
2018-09-23 08:01:41,2018-03-05 23:26:58,residential,Standard,1,73,3,7,44664,10,174,8,34,9,24
2018-08-04 20:34:36,2017-07-08 04:51:38,corporate,Standard,36,31,2,5,69075,21,141,1,27,18,7
2017-01-02 12:00:52,2019-07-03 00:26:23,commercial,Premium,85,57,4,6,45014,18,152,7,20,35,6
2019-04-08 12:09:52,2018-03-17 22:26:11,hybrid,Premium,38,29,1,7,46222,30,192,2,29,11,2
2017-01-22 03:49:09,2017-12-09 11:11:29,residential,Standard,77,71,4,8,85706,38,194,5,20,3,19
2017-08-11 01:55:01,2018-05-15 23:35:16,corporate,Excelium,5,10,2,7,29305,37,73,10,30,19,7
2018-09-02 20:22:05,2018-05-17 19:08:25,residential,Premium,40,13,2,8,41508,12,178,9,36,21,21
2018-11-22 04:17:05,2018-02-06 16:33:33,hybrid,Premium,75,57,4,3,23024,8,37,5,36,14,4
2016-09-02 01:45:32,2017-08-02 13:42:14,hybrid,Excelium,32,62,4,6,50699,21,85,7,7,31,18
2018-08-11 05:33:59,2017-08-27 12:28:50,hybrid,Excelium,26,45,4,7,7166,10,147,5,39,8,3
2017-11-09 19:02:42,2019-01-22 14:49:48,corporate,Excelium,32,23,2,2,34171,40,193,4,5,31,18
2018-05-09 16:15:02,2018-06-12 04:07:00,residential,Standard,27,52,4,2,54727,2,86,5,36,29,4
2017-05-18 06:41:40,2018-01-14 03:38:09,corporate,Premium,37,23,3,10,52103,6,187,7,39,10,4
2018-01-23 18:21:42,2019-02-11 11:47:34,hybrid,Excelium,80,34,5,4,16570,20,22,2,17,34,13
2018-08-01 04:13:44,2018-02-11 02:57:32,commercial,Excelium,88,68,1,10,79503,34,107,4,28,32,13
2017-05-13 16:00:22,2018-09-25 03:23:01,residential,Excelium,90,80,3,5,29700,35,32,2,16,25,19
2018-01-16 08:46:18,2017-09-26 17:06:54,residential,Standard,78,2,2,4,46281,30,45,6,9,29,3
2016-09-30 14:04:17,2018-06-10 22:57:03,corporate,Excelium,46,65,3,1,23985,11,127,7,24,27,16
2017-01-07 08:47:45,2018-11-20 11:28:37,corporate,Excelium,95,11,4,5,19134,4,158,4,14,27,3
2019-06-17 23:31:47,2019-01-13 10:26:25,commercial,Premium,100,74,2,8,54825,3,177,1,12,17,14
2018-05-16 07:24:16,2019-03-27 12:16:24,commercial,Standard,15,4,4,7,76420,40,122,10,39,8,18
2019-06-03 12:10:56,2019-05-23 19:37:56,hybrid,Premium,96,69,3,6,16225,27,68,7,23,6,22
2019-02-10 00:04:30,2018-06-09 20:08:31,corporate,Excelium,20,52,3,8,84549,10,143,3,3,36,6
2017-02-10 22:03:31,2018-12-19 23:39:22,hybrid,Excelium,23,4,4,1,91357,31,160,10,37,21,21
2016-08-23 17:45:49,2018-11-13 21:42:33,residential,Standard,2,12,3,8,49543,36,193,9,16,35,13
2019-06-18 21:32:51,2018-06-25 16:05:41,hybrid,Premium,2,80,1,4,14005,30,177,9,31,2,18
2018-05-09 18:34:03,2017-11-01 04:09:29,residential,Excelium,52,79,3,6,30691,19,56,7,26,20,24
2019-04-13 23:04:27,2017-10-18 10:03:20,hybrid,Standard,15,77,2,7,79411,3,43,9,32,27,20
2019-03-24 13:42:50,2018-07-24 18:50:29,residential,Excelium,64,48,5,6,11858,4,100,9,8,39,22
2016-07-15 20:00:23,2018-09-01 14:43:50,commercial,Premium,30,47,1,3,25912,27,161,10,8,28,10
2017-02-12 14:47:34,2017-07-10 17:07:43,residential,Standard,23,66,1,10,32431,5,47,8,11,12,24
2016-07-29 05:06:42,2019-01-07 21:47:50,corporate,Premium,25,6,4,2,59687,10,101,2,28,23,22
2018-07-25 13:05:29,2018-08-25 05:19:04,hybrid,Premium,92,25,4,7,27809,34,156,9,38,35,18
2018-03-21 09:40:26,2018-03-19 11:44:38,residential,Excelium,83,45,3,8,80865,22,76,2,36,16,15
2017-07-19 03:40:30,2018-12-29 10:07:30,residential,Standard,20,52,4,9,97567,36,174,6,30,36,13
2018-08-21 16:54:09,2018-03-24 04:25:57,residential,Excelium,37,32,5,9,99450,15,37,9,21,15,7
2017-02-20 14:41:53,2019-03-04 06:31:59,corporate,Excelium,7,50,4,5,74097,36,161,1,20,13,23
2018-01-23 10:39:19,2018-12-17 16:57:33,corporate,Premium,99,65,5,5,12368,7,16,10,7,40,11
2018-03-30 18:16:11,2018-01-16 04:23:00,residential,Standard,88,18,1,8,36547,10,95,2,18,40,2
2018-04-13 14:14:17,2017-10-24 12:58:14,residential,Premium,11,4,1,10,9387,23,10,1,13,25,17
2017-01-28 02:11:50,2017-10-05 02:08:04,corporate,Premium,43,26,4,3,23253,4,150,1,40,14,2
2016-09-07 15:06:17,2019-01-27 03:38:36,hybrid,Premium,19,76,1,6,40630,25,78,2,1,26,17
2018-09-15 20:03:28,2019-01-24 19:51:39,commercial,Excelium,38,25,1,8,68108,37,155,2,33,7,17
2018-01-16 16:23:32,2017-09-04 23:44:13,commercial,Standard,65,79,5,7,83036,33,136,5,21,29,2
2017-07-23 22:10:26,2018-12-12 03:25:25,hybrid,Standard,21,75,3,2,62257,32,106,7,13,27,3
2017-05-23 10:35:49,2018-06-14 06:08:16,residential,Excelium,41,72,2,4,23605,3,102,2,10,25,19
2018-01-02 13:50:41,2019-03-08 00:53:10,corporate,Standard,41,67,5,8,65798,12,46,6,27,5,7
2017-05-27 07:28:45,2018-05-30 10:45:22,hybrid,Premium,40,3,2,4,63699,7,69,8,13,15,16
2016-12-30 00:42:30,2018-06-12 05:24:13,commercial,Excelium,85,68,1,2,39545,15,54,6,17,31,24
2017-08-04 05:31:01,2019-03-08 17:31:05,commercial,Standard,67,49,2,10,34193,34,12,1,28,33,15
2017-12-04 03:53:55,2018-06-19 00:17:20,corporate,Excelium,76,20,3,4,22305,5,84,8,14,36,4
2018-11-08 16:57:30,2019-05-24 06:37:27,corporate,Excelium,16,9,1,5,83438,17,40,4,7,17,24
2017-05-03 18:36:35,2017-10-20 18:01:15,residential,Excelium,20,35,5,10,18219,28,113,9,27,32,1
2017-09-20 11:30:59,2018-12-20 20:05:37,commercial,Premium,41,70,2,5,21620,32,131,4,29,13,12
2018-01-17 00:20:07,2018-04-25 06:41:09,corporate,Standard,83,62,2,3,7354,19,19,9,32,15,20
2018-02-16 17:38:42,2018-07-27 11:07:58,commercial,Excelium,2,2,1,3,37333,17,43,4,23,6,20
2019-06-19 01:38:05,2017-11-10 11:01:10,hybrid,Premium,19,67,4,3,35712,10,56,8,34,34,4
2018-01-02 01:16:06,2018-06-10 21:15:39,corporate,Excelium,100,26,5,10,49734,33,139,8,15,26,5
2018-08-07 22:37:59,2018-01-02 16:09:11,residential,Excelium,27,12,5,6,15585,22,136,3,34,37,24
2018-03-28 11:24:41,2017-11-19 14:02:53,corporate,Excelium,38,11,1,5,32528,6,47,6,24,39,16
2017-09-16 22:28:05,2019-03-10 08:01:17,hybrid,Excelium,81,64,4,8,48691,14,110,9,14,34,24
2017-02-06 07:32:25,2017-08-12 19:39:44,hybrid,Excelium,23,56,4,4,95993,23,161,3,40,16,6
2017-02-18 17:25:37,2018-04-30 05:05:18,hybrid,Premium,24,51,1,5,52467,36,184,8,29,36,7
2018-07-25 21:31:17,2018-08-27 08:52:12,residential,Premium,63,49,4,1,97866,14,124,10,40,25,19
2019-01-07 21:33:33,2019-06-10 09:47:50,residential,Standard,58,14,4,9,12664,39,165,4,8,40,24
2018-02-13 17:32:29,2018-07-10 17:12:54,corporate,Excelium,23,42,1,3,60498,38,138,4,14,17,9
2018-05-26 02:26:09,2018-12-09 00:26:58,commercial,Standard,52,77,2,10,75235,22,52,4,3,12,14
2019-05-12 02:20:16,2019-02-06 02:07:01,corporate,Excelium,14,40,2,10,82821,12,126,8,36,28,24
2019-06-29 01:52:17,2018-03-20 09:41:19,hybrid,Excelium,59,30,3,8,86974,23,133,2,7,19,17
2017-01-21 19:17:16,2017-09-28 10:49:41,hybrid,Excelium,90,57,1,9,69626,14,109,7,29,28,20
2019-02-09 12:57:31,2017-12-16 09:05:10,commercial,Premium,30,20,2,2,34074,28,41,4,4,24,4
2017-10-14 10:53:12,2018-07-22 00:58:51,corporate,Excelium,64,13,5,2,53931,19,100,1,6,15,15
2018-07-14 14:17:38,2017-12-24 06:23:00,residential,Standard,29,47,2,10,35911,29,24,7,2,40,6
2017-07-23 10:04:26,2018-11-02 16:58:03,residential,Standard,72,42,4,4,78718,39,18,10,19,32,19
2018-03-05 04:11:49,2017-10-31 00:58:00,corporate,Standard,25,46,4,10,7315,21,170,3,24,17,4
2019-04-16 17:20:37,2018-09-17 05:14:15,hybrid,Excelium,91,68,4,9,91997,9,161,6,2,2,17
2016-07-27 21:25:24,2018-11-21 09:07:14,corporate,Excelium,83,75,4,6,45618,17,122,1,12,5,17
2017-05-05 06:25:35,2019-05-24 22:01:06,commercial,Excelium,2,45,5,1,65942,31,17,3,27,16,7
2017-11-11 23:32:29,2019-01-01 14:20:07,residential,Standard,66,48,5,3,6774,19,34,2,2,39,4
2016-11-20 15:13:25,2018-09-08 16:22:28,corporate,Standard,74,80,1,8,6609,22,193,3,19,5,24
2017-03-12 14:45:54,2018-09-30 14:52:14,corporate,Excelium,99,67,5,2,15521,11,98,3,24,27,12
2019-02-26 20:05:06,2019-01-20 04:23:07,commercial,Standard,68,3,1,2,92853,29,120,1,39,4,22
2019-04-12 16:54:45,2018-03-03 05:51:37,commercial,Excelium,36,73,3,3,28137,12,92,3,22,26,23
2018-07-12 13:14:55,2017-10-18 01:05:31,residential,Premium,20,44,5,9,42370,7,110,3,21,27,8
2017-06-02 01:10:59,2018-12-21 17:58:24,corporate,Standard,30,76,4,9,50109,18,188,8,34,31,23
2017-02-20 22:07:28,2018-12-31 01:51:38,hybrid,Premium,98,25,2,5,83290,28,48,4,23,13,9
2018-11-21 22:50:17,2017-10-01 21:14:25,commercial,Excelium,86,68,5,7,65181,20,48,2,26,35,1
2018-02-19 17:01:28,2019-07-03 08:15:59,hybrid,Standard,66,8,5,8,7634,25,182,8,35,30,24
2019-05-05 22:15:43,2017-07-31 06:20:21,residential,Premium,46,78,1,10,52630,8,169,2,31,12,13
2016-07-31 12:51:11,2017-10-14 15:30:17,residential,Excelium,27,15,3,3,28047,6,39,1,38,6,8
2018-02-11 13:14:30,2017-07-08 10:52:07,hybrid,Excelium,98,15,5,2,48798,40,61,4,38,29,21
2017-04-20 04:09:24,2018-06-26 03:47:37,commercial,Premium,63,19,1,6,6030,1,82,10,24,20,9
2018-03-21 18:28:08,2019-03-01 07:49:31,residential,Standard,97,79,1,8,97596,23,82,8,40,26,23
2016-07-20 20:03:05,2019-06-27 06:00:50,commercial,Premium,8,52,3,8,98321,33,52,5,32,36,22
2018-12-02 14:32:32,2018-04-01 21:42:05,commercial,Standard,14,10,3,3,27513,9,122,7,6,32,19
2017-06-05 23:05:25,2017-09-12 16:58:06,residential,Excelium,83,15,1,5,63082,16,27,10,37,7,7
2017-02-04 20:55:31,2019-04-02 23:03:13,residential,Standard,29,42,1,1,65660,24,152,5,8,13,21
2019-05-28 00:21:51,2018-11-16 04:21:22,residential,Premium,33,13,1,5,32776,28,32,9,10,23,24
2018-01-14 07:28:50,2019-02-26 08:59:40,corporate,Premium,92,53,4,5,86592,39,121,6,34,37,8
2017-12-04 07:52:56,2019-01-20 23:55:51,commercial,Premium,76,28,2,1,49498,17,166,6,34,7,18
2018-06-19 20:02:04,2017-08-21 02:00:42,residential,Premium,23,62,2,9,79879,32,122,5,28,13,20
2017-07-26 13:09:40,2017-12-13 12:22:16,hybrid,Premium,56,21,4,7,16513,31,77,4,12,34,23
2017-01-25 15:17:57,2018-08-06 09:53:33,residential,Excelium,96,48,1,5,14514,24,116,9,2,15,3
2019-06-18 21:14:56,2018-06-26 12:42:58,corporate,Standard,14,37,1,4,47543,31,46,5,29,9,17
2017-03-24 23:10:06,2018-02-14 09:22:10,residential,Premium,79,54,1,7,73029,8,111,10,19,31,9
2017-09-15 20:09:13,2018-12-23 08:23:21,commercial,Premium,1,43,4,9,61099,20,168,7,25,12,14
2018-02-22 07:04:15,2019-07-06 03:37:12,hybrid,Excelium,57,55,3,1,73535,25,56,3,30,34,16
2018-07-17 23:32:40,2018-12-28 23:08:59,commercial,Standard,6,73,1,9,16712,5,180,6,20,39,13
2017-03-05 02:54:33,2018-01-16 04:47:51,commercial,Standard,90,25,1,7,15828,33,84,3,2,32,11
2018-11-09 23:26:42,2019-01-30 04:49:36,commercial,Premium,73,68,1,10,38317,38,147,6,22,25,12
2019-06-06 02:46:05,2018-09-22 02:25:59,hybrid,Excelium,56,16,1,4,67423,33,48,5,35,4,18
2018-08-05 09:16:48,2018-09-29 04:57:44,hybrid,Standard,40,45,2,9,45302,26,69,3,39,15,13
2018-09-28 17:26:57,2018-02-05 03:46:48,residential,Excelium,26,10,5,6,98320,38,145,3,35,31,12
2018-07-24 23:17:46,2017-12-07 21:20:56,commercial,Premium,95,2,3,6,38799,2,168,6,8,18,4
2017-05-10 01:25:51,2018-09-08 23:33:24,corporate,Excelium,9,29,5,4,6712,32,25,7,39,15,18
2017-06-20 19:05:04,2017-11-14 21:51:22,corporate,Standard,80,46,4,2,35622,31,131,6,40,34,4
2019-01-28 11:13:15,2017-08-05 02:58:07,hybrid,Premium,57,69,3,9,16522,36,144,4,21,37,11
2018-11-06 01:25:24,2017-07-06 20:30:21,commercial,Premium,51,72,2,7,62655,13,140,3,15,25,15
2017-08-12 17:42:57,2017-09-05 01:10:57,residential,Standard,74,66,3,4,8389,20,119,3,35,21,19
2018-03-03 01:29:34,2018-10-18 17:02:27,commercial,Standard,13,17,5,6,34398,32,20,7,16,33,18
2016-08-16 01:11:53,2018-10-02 11:07:28,corporate,Standard,18,14,1,7,93301,15,34,9,15,12,19
2018-02-24 02:19:08,2018-03-03 00:39:20,residential,Excelium,13,40,2,4,18848,10,179,1,21,18,24
2016-11-29 13:30:49,2019-01-22 00:19:12,residential,Premium,93,4,4,8,40929,32,43,4,34,4,20
2019-05-12 06:08:30,2017-11-19 21:15:25,hybrid,Standard,2,35,3,6,41151,2,72,1,16,10,21
2018-01-28 23:23:35,2018-07-29 20:49:29,corporate,Premium,55,2,4,4,52846,40,175,6,8,9,21
2017-07-12 10:56:51,2018-09-10 09:53:59,residential,Premium,4,28,3,5,96852,8,160,1,30,18,4
2018-09-17 22:53:51,2019-03-30 23:10:38,residential,Excelium,61,65,4,5,93683,1,134,1,34,7,5
2017-11-25 03:37:55,2018-09-24 00:34:41,residential,Excelium,2,73,4,10,7152,27,87,4,38,9,13
2019-03-30 07:33:00,2018-01-12 18:46:17,commercial,Excelium,38,63,4,1,39208,12,27,9,6,36,22
2018-04-05 21:35:41,2019-05-06 23:43:40,commercial,Premium,85,21,3,6,85686,3,158,5,15,12,13
2017-05-16 10:03:57,2018-09-07 16:40:27,residential,Excelium,38,33,4,8,40645,17,50,7,38,35,6
2018-11-29 18:04:00,2019-01-14 16:42:47,corporate,Premium,96,34,5,10,52524,26,110,5,39,6,12
2017-06-30 08:59:19,2019-07-10 13:29:19,residential,Premium,52,58,5,3,38597,14,117,9,39,31,14
2017-06-19 04:08:57,2017-07-28 16:45:53,corporate,Premium,39,18,4,3,57148,3,182,5,10,38,8
2018-08-12 03:29:53,2018-04-03 01:35:36,hybrid,Standard,36,70,5,7,8069,31,118,5,22,22,9
2017-12-27 21:15:29,2018-06-03 22:48:16,residential,Excelium,57,35,1,1,66390,24,95,3,26,10,2
2018-07-18 14:44:28,2017-10-14 00:23:26,hybrid,Standard,95,18,1,4,97491,20,196,5,36,31,10
2016-07-13 03:38:53,2018-12-17 17:25:24,residential,Standard,13,37,3,4,11691,35,189,9,26,31,18
2018-07-09 00:00:21,2017-07-29 18:57:17,residential,Excelium,7,36,2,3,47770,15,136,1,16,35,11
2018-03-05 06:46:02,2018-07-24 05:20:05,commercial,Excelium,58,3,5,1,30022,33,29,7,31,4,13
2017-05-23 11:06:21,2018-11-19 15:28:23,corporate,Standard,87,13,3,4,99035,7,63,10,31,21,5
2017-09-21 02:33:41,2017-10-09 03:09:36,corporate,Standard,60,4,1,2,14907,3,40,4,25,7,3
2018-12-26 05:00:16,2018-12-03 16:03:17,residential,Standard,39,16,5,4,16582,2,60,6,13,6,24
2018-02-26 03:16:22,2018-10-14 16:21:05,corporate,Excelium,46,25,1,2,5622,30,78,3,39,22,9
2018-12-19 22:14:55,2018-11-26 09:15:50,residential,Standard,43,42,3,1,45403,33,146,7,39,36,24
2019-06-21 11:06:21,2017-12-03 12:27:10,residential,Excelium,54,35,4,6,26173,24,28,6,6,6,23
2018-07-18 02:22:52,2017-07-06 00:35:51,commercial,Premium,68,5,1,7,18081,19,174,1,12,9,9
2019-01-16 09:57:20,2017-11-29 08:06:19,commercial,Standard,19,8,4,2,95648,31,155,7,38,3,12
2018-08-13 02:54:45,2018-04-30 12:28:00,commercial,Premium,81,74,3,1,68291,19,165,5,32,19,4
2018-10-22 01:13:08,2018-10-21 17:58:07,residential,Standard,91,7,4,9,40282,24,116,4,11,35,8
2019-05-27 08:49:24,2019-05-17 20:32:10,hybrid,Excelium,17,72,5,10,61499,37,42,6,29,24,10
2018-02-28 09:43:27,2018-01-18 05:21:09,commercial,Standard,26,35,5,10,45102,16,43,9,14,6,24
2019-02-01 04:08:27,2019-05-23 05:41:50,residential,Excelium,58,31,5,5,69307,31,18,8,40,10,1
2017-08-09 15:11:25,2019-04-28 19:01:23,hybrid,Premium,71,30,1,8,90798,18,62,9,3,12,21
2018-11-07 11:41:12,2019-05-10 01:07:27,corporate,Excelium,97,67,2,5,50620,18,100,7,21,27,13
2016-11-12 12:10:17,2019-04-16 15:21:23,commercial,Excelium,78,33,3,7,52519,24,191,7,9,29,13
2017-09-28 21:54:49,2019-04-26 10:51:50,residential,Standard,3,8,5,1,29693,32,13,1,31,15,6
2019-03-20 17:10:12,2017-09-25 14:18:33,commercial,Premium,49,58,2,4,53583,35,25,2,29,40,17
2018-01-31 05:37:56,2018-09-08 11:26:07,commercial,Excelium,93,54,1,10,10975,39,198,5,37,19,11
2019-06-02 18:48:22,2018-07-02 07:48:59,residential,Premium,52,22,5,6,88536,12,88,6,40,22,15
2017-04-15 06:25:17,2017-09-05 19:37:10,residential,Standard,41,59,4,5,93569,6,14,7,21,33,5
2017-12-10 08:50:13,2018-01-24 15:36:30,commercial,Excelium,62,23,2,2,74189,12,170,4,32,14,17
2016-11-16 06:51:55,2018-03-03 06:53:53,residential,Standard,29,68,5,3,59156,6,45,5,30,23,9
2018-02-11 18:01:38,2018-02-18 15:36:44,commercial,Premium,32,7,2,1,12760,37,188,7,32,16,4
2017-03-30 04:19:50,2019-04-29 16:49:17,corporate,Excelium,49,70,1,10,90426,25,43,9,34,14,22
2016-07-30 16:32:34,2017-11-23 09:07:52,hybrid,Standard,16,14,1,8,20821,11,92,10,23,4,14
2018-05-04 18:16:52,2018-06-20 04:50:51,corporate,Premium,88,19,5,1,37553,11,57,5,24,37,1
2016-12-20 10:30:44,2017-07-20 13:24:00,commercial,Excelium,59,51,5,10,24849,30,64,8,9,2,17
2018-03-25 08:12:06,2018-09-15 16:01:57,corporate,Premium,66,58,5,7,9279,18,149,4,38,37,17
2018-11-09 10:09:11,2018-07-12 04:17:14,corporate,Premium,56,74,1,8,92276,39,121,6,2,29,16
2018-05-23 19:39:24,2018-10-18 15:28:08,residential,Standard,67,74,1,6,28199,31,181,1,25,7,3
2016-07-17 19:37:39,2017-08-31 21:08:13,hybrid,Premium,100,69,2,3,8450,37,198,5,5,32,12
2017-07-15 22:13:11,2017-12-14 22:23:54,commercial,Standard,98,23,4,8,34252,12,164,9,20,31,14
2018-01-31 21:25:40,2018-11-16 06:57:29,hybrid,Excelium,22,76,2,2,72962,23,95,2,40,21,24
2019-05-24 10:42:25,2018-03-16 21:35:11,corporate,Excelium,20,56,2,10,52239,6,139,6,36,34,23
2017-09-14 06:51:35,2019-06-21 09:56:02,residential,Standard,84,15,3,4,30328,2,102,7,39,37,4
2018-07-23 05:01:08,2018-08-25 08:42:37,hybrid,Excelium,41,40,1,4,99568,39,80,3,36,28,14
2018-06-22 17:57:32,2019-03-24 15:27:34,residential,Premium,2,64,1,5,23412,35,161,2,16,27,16
2016-12-18 20:26:36,2018-11-30 18:41:42,hybrid,Standard,4,54,4,8,95912,2,146,9,27,31,18
2018-06-27 05:35:38,2019-03-05 00:29:55,corporate,Premium,86,32,5,7,75010,8,69,10,10,14,5
2016-12-05 15:35:27,2019-07-10 19:24:11,corporate,Standard,24,26,1,1,85731,25,102,8,13,23,5
2016-08-29 16:32:12,2019-04-29 19:20:07,hybrid,Premium,60,66,5,7,19636,22,135,5,16,1,15
2019-04-05 16:43:04,2019-04-19 09:06:09,commercial,Excelium,9,20,3,2,87239,24,114,3,30,2,17
2016-10-20 17:04:51,2018-03-23 14:38:40,commercial,Premium,81,42,2,1,91812,18,113,5,17,35,22
2016-10-29 11:53:25,2018-02-22 17:49:39,residential,Excelium,23,13,3,5,38245,13,80,6,19,37,2
2016-12-19 11:58:51,2018-06-19 20:03:50,residential,Standard,38,30,4,1,69010,3,135,5,23,27,11
2018-02-23 17:03:38,2019-02-24 21:38:45,residential,Premium,32,77,5,2,81435,5,159,7,31,14,6
2016-09-28 07:19:56,2017-08-16 20:08:19,corporate,Premium,55,29,5,10,10939,6,86,7,1,26,9
2018-03-07 13:34:29,2018-08-05 13:28:08,corporate,Excelium,32,37,2,5,95491,37,66,10,34,20,21
2018-04-15 06:20:46,2018-04-09 13:19:56,hybrid,Excelium,85,53,4,5,95137,4,55,4,35,16,8
2019-02-06 14:23:03,2017-07-07 02:56:54,corporate,Premium,100,26,3,10,92701,10,136,8,1,18,18
2017-12-03 18:42:13,2018-12-13 20:27:44,commercial,Standard,69,24,5,9,55584,20,53,7,33,9,21
2019-02-07 10:07:46,2018-05-22 22:04:00,corporate,Excelium,61,6,3,6,51897,35,146,8,1,14,20
2019-06-17 16:14:44,2019-04-05 10:43:06,residential,Standard,67,80,5,9,21261,28,27,8,32,35,22
2019-03-10 03:13:57,2018-02-27 02:28:59,commercial,Standard,47,71,3,5,49418,8,149,2,30,12,23
2018-08-05 00:27:22,2018-04-10 12:24:02,hybrid,Standard,40,10,5,8,17448,17,73,10,23,15,22
2016-09-12 01:32:51,2017-10-20 02:20:53,commercial,Excelium,61,26,5,8,87598,4,70,4,38,16,21
2018-05-02 09:39:01,2019-04-11 06:07:02,commercial,Standard,26,35,4,5,15180,15,101,5,38,24,14
2016-10-21 02:12:24,2018-01-10 22:36:59,corporate,Excelium,80,18,4,3,69177,2,64,9,34,1,9
2018-07-19 22:11:19,2018-04-12 09:07:18,residential,Excelium,63,51,4,8,86984,20,31,2,37,40,21
2018-03-21 02:02:51,2017-11-11 02:07:52,commercial,Standard,73,75,3,3,49687,25,168,2,29,28,6
2017-04-08 16:43:38,2019-02-27 07:40:42,hybrid,Premium,82,14,2,7,39946,38,17,2,15,10,3
2017-05-25 09:54:57,2018-11-10 17:06:43,hybrid,Excelium,63,58,2,2,50204,34,41,3,1,36,3
2017-12-03 03:09:57,2017-08-10 09:32:42,residential,Premium,51,17,4,3,97722,29,76,2,14,9,5
2018-04-03 20:31:04,2018-07-04 11:23:34,residential,Standard,16,47,3,1,71610,24,173,6,31,24,5
2019-03-28 14:17:21,2018-07-20 02:52:57,commercial,Premium,65,17,5,8,8702,24,58,3,21,33,15
2016-08-02 22:44:09,2017-09-01 15:19:53,commercial,Standard,28,12,2,2,13560,30,30,7,35,11,23
2017-02-16 17:29:10,2019-06-08 04:27:28,corporate,Premium,40,3,3,6,15965,32,165,8,28,39,18
2018-04-24 01:06:48,2018-08-14 14:40:50,commercial,Excelium,99,79,3,4,80018,40,139,7,20,28,15
2017-01-12 03:04:15,2019-05-19 04:41:17,residential,Premium,25,46,4,7,18408,29,136,6,28,33,14
2019-05-04 04:54:39,2018-01-28 20:07:58,commercial,Standard,41,69,1,8,46625,7,50,4,30,20,10
2019-07-02 12:30:22,2019-06-19 16:05:32,commercial,Standard,28,12,1,1,70567,11,162,8,24,21,12
2019-01-18 14:04:59,2018-03-24 15:39:38,commercial,Premium,54,19,3,6,13694,11,121,2,33,20,15
2016-08-31 09:17:34,2018-03-22 20:48:21,hybrid,Premium,23,63,3,10,37788,30,120,7,26,34,24
2018-12-30 22:47:36,2018-10-30 13:50:20,corporate,Premium,36,20,1,10,28117,40,78,5,8,24,4
2018-10-18 17:29:47,2018-09-17 15:35:04,residential,Standard,95,2,1,7,39541,1,30,5,39,23,4
2018-01-28 21:29:24,2018-06-06 18:28:53,residential,Excelium,13,27,4,1,47534,19,145,9,18,40,11
2018-02-11 10:48:41,2019-04-05 04:23:33,hybrid,Premium,58,48,3,9,48223,18,95,4,34,5,4
2017-06-29 01:50:33,2017-10-22 08:25:13,residential,Standard,22,45,3,7,90286,38,92,8,22,31,4
2017-09-06 02:45:30,2018-07-31 08:44:16,hybrid,Standard,32,59,1,9,66160,29,119,4,21,16,1
2018-08-02 05:57:18,2019-05-15 11:01:36,corporate,Excelium,66,51,2,4,37434,32,104,9,34,24,13
2018-08-03 16:18:52,2018-03-09 04:08:54,hybrid,Premium,16,21,2,1,68737,15,85,5,10,23,23
2018-12-03 14:17:07,2018-05-21 11:53:01,commercial,Excelium,97,43,2,1,48627,7,173,9,38,31,14
2017-08-18 15:36:54,2018-11-24 04:52:21,commercial,Premium,85,34,3,9,9942,3,181,4,10,4,3
2018-05-22 02:58:46,2018-09-26 20:41:13,hybrid,Excelium,15,45,3,5,88916,18,36,3,6,8,21
2017-12-08 01:33:48,2018-06-24 08:27:57,hybrid,Premium,53,35,4,3,67055,26,136,10,2,11,21
2018-05-20 22:49:00,2019-03-18 13:28:11,residential,Standard,3,48,5,2,82222,37,37,2,21,30,2
2018-01-29 17:02:49,2017-09-21 07:55:50,corporate,Excelium,52,31,3,10,89847,38,149,9,13,18,11
2019-03-27 10:24:35,2018-11-29 11:50:01,corporate,Standard,79,51,4,9,6162,29,32,10,3,4,8
2016-12-02 14:37:54,2018-06-05 18:27:36,residential,Excelium,29,7,1,7,57612,13,70,5,34,38,7
2017-07-18 18:11:51,2019-03-27 18:57:20,hybrid,Premium,99,51,2,8,45463,29,150,4,11,14,14
2019-03-11 05:40:18,2017-08-07 02:13:46,commercial,Standard,68,64,1,10,78984,12,189,5,20,39,9
2017-11-30 22:47:14,2017-10-19 23:00:51,hybrid,Standard,83,11,4,2,7933,15,139,6,7,14,16
2017-07-19 23:44:53,2018-09-20 07:44:42,hybrid,Excelium,13,38,4,6,71228,9,129,1,22,14,24
2018-07-05 02:12:36,2018-09-26 23:24:13,residential,Excelium,11,56,5,1,67181,35,12,7,26,13,13
2017-10-11 04:12:47,2018-11-25 19:08:18,commercial,Standard,64,9,5,9,71256,34,105,3,38,4,21
2017-06-03 11:28:59,2019-04-29 05:02:00,hybrid,Standard,15,39,4,1,76885,26,56,8,26,18,8
2019-04-05 00:58:38,2018-07-04 04:56:23,hybrid,Standard,46,36,3,3,96050,3,184,9,20,32,9
2018-11-07 14:42:57,2018-07-09 09:00:20,hybrid,Premium,53,53,3,4,26123,14,153,4,35,38,9
2017-06-13 00:56:12,2018-03-04 09:55:36,residential,Standard,90,10,5,10,12199,38,100,5,37,30,22
2019-04-13 02:34:36,2018-10-23 09:56:43,hybrid,Standard,84,15,2,5,74367,22,41,9,22,33,9
2018-03-17 17:48:56,2019-07-03 17:57:40,residential,Excelium,50,45,2,3,20281,25,185,1,30,12,12
2018-02-27 08:10:23,2017-09-05 16:56:22,commercial,Excelium,24,6,5,5,49351,13,71,8,3,6,15
2019-04-05 08:43:55,2017-07-23 09:44:02,hybrid,Standard,78,24,1,9,52880,17,68,4,20,14,5
2017-09-26 17:30:14,2019-06-03 03:32:19,commercial,Premium,59,45,2,10,64037,39,115,5,15,11,3
2019-05-24 05:44:06,2018-02-22 02:32:32,commercial,Premium,55,40,5,8,74871,14,156,4,4,19,10
2018-12-24 12:02:36,2018-07-17 22:34:29,corporate,Standard,88,20,1,4,79671,21,165,7,19,28,8
2018-09-08 08:39:55,2019-03-13 04:16:48,residential,Standard,30,32,5,9,40482,35,186,6,23,28,5
2018-03-24 01:39:43,2018-04-01 21:06:19,hybrid,Excelium,63,36,2,1,11455,22,126,10,40,35,20
2019-06-26 09:24:36,2018-04-07 16:12:16,commercial,Standard,48,21,4,10,72510,28,69,8,8,10,8
2017-05-21 19:31:30,2017-09-27 15:03:09,hybrid,Excelium,95,41,1,4,38759,39,194,9,16,40,16
2016-07-18 00:04:56,2018-01-12 17:27:26,hybrid,Premium,50,33,3,3,89608,27,64,3,22,40,23
2019-01-11 12:34:07,2018-04-18 00:27:26,hybrid,Premium,66,60,3,3,36196,30,188,7,31,24,16
2017-06-06 02:18:50,2018-12-05 00:41:59,hybrid,Excelium,22,15,5,2,15904,11,141,1,25,33,14
2017-10-05 08:14:28,2019-01-03 10:57:30,hybrid,Standard,25,67,1,5,45277,34,41,6,13,16,11
2018-10-18 18:48:48,2018-08-27 20:02:57,residential,Standard,51,29,1,1,85877,3,22,7,40,12,7
2016-10-17 17:29:22,2018-03-15 21:11:14,residential,Standard,91,12,3,10,16706,25,107,5,29,29,20
2017-08-16 04:29:08,2019-01-22 15:24:53,corporate,Standard,5,51,5,5,76379,5,31,7,33,29,9
2018-07-03 05:29:35,2019-06-04 11:54:00,corporate,Standard,21,22,2,7,58069,6,23,8,18,21,9
2018-11-03 18:38:24,2018-04-23 15:56:57,corporate,Excelium,24,29,2,9,69184,22,107,2,14,38,5
2018-07-31 22:45:31,2018-12-11 05:54:19,hybrid,Premium,51,37,4,5,88679,7,90,7,18,7,18
2017-11-30 09:06:25,2018-05-20 21:27:05,corporate,Standard,6,74,3,7,13932,38,163,3,1,18,3
2019-04-26 13:21:30,2018-08-11 12:31:20,residential,Standard,81,4,3,4,99949,9,86,4,4,25,24
2017-08-22 09:34:12,2019-04-02 11:28:05,residential,Premium,94,32,2,4,17637,17,128,10,19,1,5
2017-02-07 03:42:47,2018-02-01 22:47:36,hybrid,Standard,77,38,1,3,61487,22,84,10,38,11,1
2018-04-18 18:19:05,2017-08-30 06:44:41,hybrid,Standard,3,43,5,5,13168,37,93,9,39,14,4
2018-07-27 14:47:54,2018-04-12 11:41:49,hybrid,Premium,63,74,4,5,60414,18,142,5,31,36,1
2018-06-21 08:30:40,2017-11-18 09:35:41,residential,Excelium,68,67,1,1,86656,9,153,2,28,1,15
2017-10-29 10:09:49,2019-04-16 07:51:42,hybrid,Premium,18,64,2,1,14893,14,104,7,34,27,13
2017-08-31 12:59:50,2018-07-09 04:36:49,commercial,Standard,31,69,4,3,63611,15,18,6,27,31,19
2017-10-23 09:20:52,2017-09-09 07:18:29,residential,Standard,17,66,3,10,86567,22,31,9,37,33,4
2018-02-21 11:54:14,2017-12-05 06:20:03,residential,Standard,67,33,2,6,94862,26,42,3,40,38,4
2018-04-26 18:28:58,2017-10-23 10:39:16,commercial,Excelium,16,60,4,1,19057,1,17,2,16,35,15
2016-09-15 14:25:07,2018-08-05 00:05:39,commercial,Premium,56,21,2,9,6035,21,129,3,14,37,11
2019-02-06 06:20:47,2018-06-07 08:57:04,residential,Premium,89,56,3,9,40219,30,149,6,30,28,5
2017-01-07 02:42:46,2018-11-09 20:58:41,commercial,Standard,39,23,5,1,26133,39,80,2,23,8,7
2016-12-14 03:13:28,2018-03-02 13:05:53,corporate,Standard,17,71,5,2,97815,29,91,4,35,39,13
2017-11-05 17:38:48,2018-02-08 04:02:25,residential,Premium,58,34,2,9,86260,15,35,7,21,27,18
2017-12-06 02:01:48,2017-07-02 10:58:44,commercial,Standard,48,42,3,10,81756,11,122,9,19,15,20
2017-07-21 11:19:41,2018-09-28 05:08:49,corporate,Excelium,65,17,3,5,89951,31,130,4,40,17,24
2018-04-29 17:36:30,2018-08-24 20:12:12,commercial,Excelium,28,36,5,5,18860,18,139,5,36,23,8
2016-12-31 11:51:16,2018-03-06 18:35:20,residential,Excelium,85,34,2,2,64596,11,52,8,26,26,21
2017-08-17 17:20:14,2019-03-07 01:45:51,corporate,Premium,8,7,3,10,59798,24,157,3,17,23,15
2017-02-02 09:21:13,2018-11-18 08:04:09,residential,Standard,18,5,2,5,39229,10,142,3,25,4,19
2017-07-25 08:56:42,2018-09-09 18:28:45,hybrid,Excelium,28,55,4,8,73004,27,26,6,32,7,16
2018-06-11 10:13:24,2017-07-01 07:23:11,corporate,Excelium,74,68,1,8,33327,32,83,4,4,33,22
2018-11-10 05:26:39,2018-06-11 22:16:22,hybrid,Premium,56,31,4,3,29092,37,158,9,10,18,24
2017-08-05 03:40:20,2019-05-27 04:03:24,residential,Excelium,27,3,4,6,27924,8,138,4,20,40,6
2018-06-23 19:12:14,2017-10-17 17:07:22,hybrid,Standard,96,25,2,2,83814,15,21,3,6,34,18
2018-08-13 16:30:38,2018-03-10 11:05:13,commercial,Excelium,13,17,4,8,45346,4,25,2,16,22,7
2017-08-16 18:55:28,2017-10-19 04:17:50,commercial,Standard,43,45,2,5,49256,16,94,5,32,40,10
2018-06-20 11:57:04,2018-12-22 14:00:24,corporate,Excelium,13,76,1,4,57940,24,41,10,15,18,7
2017-12-10 14:30:02,2019-03-20 00:45:21,hybrid,Excelium,86,14,3,1,47543,10,153,1,6,8,10
2018-02-06 20:40:10,2019-07-08 04:44:56,commercial,Premium,52,58,3,2,43888,4,165,2,39,19,22
2017-05-30 13:02:46,2018-02-02 13:53:49,hybrid,Excelium,39,66,5,3,60716,34,198,8,39,27,1
2017-09-21 02:19:06,2018-12-12 07:58:09,commercial,Standard,100,11,2,9,23747,14,37,4,12,14,4
2016-11-05 14:37:56,2018-04-10 10:41:36,commercial,Premium,72,73,3,9,35563,40,65,4,6,9,2
2016-10-09 01:49:05,2018-01-23 20:28:14,hybrid,Excelium,72,62,1,4,56109,26,180,6,17,9,6
2018-04-04 08:16:42,2018-08-11 20:46:29,hybrid,Standard,71,6,1,9,85992,32,91,2,20,21,20
2019-01-09 04:31:06,2018-10-31 02:33:00,residential,Premium,46,58,4,3,71529,21,184,2,36,19,8
2018-11-16 11:32:47,2018-02-18 11:40:29,commercial,Premium,9,72,4,4,38657,6,170,2,2,28,22
2018-04-21 11:39:44,2017-10-03 02:46:36,hybrid,Premium,12,27,1,10,19890,23,85,7,20,30,10
2018-04-23 21:46:04,2017-08-30 17:24:04,corporate,Excelium,51,24,3,2,45009,35,14,4,28,7,18
2017-04-25 07:25:13,2017-08-22 19:05:50,commercial,Premium,44,20,4,9,67898,21,50,3,36,12,18
2017-01-06 17:19:49,2017-07-13 14:39:41,residential,Premium,98,10,2,10,65910,6,47,2,16,31,23
2017-11-03 10:32:51,2019-02-25 17:46:21,corporate,Standard,8,8,3,3,52195,35,179,4,21,10,9
2018-07-22 15:18:35,2017-07-23 17:24:56,hybrid,Premium,88,11,3,10,98074,3,163,5,16,27,7
2018-08-07 20:37:07,2017-10-20 09:12:15,residential,Premium,99,59,2,5,50996,13,131,9,5,20,9
2016-12-12 08:07:25,2018-03-08 08:41:58,hybrid,Standard,50,28,4,5,41220,13,155,4,6,27,12
2017-01-18 11:21:22,2019-06-13 14:33:51,corporate,Standard,19,59,5,4,27863,33,81,7,6,29,12
2018-01-03 02:29:25,2018-03-01 08:57:15,residential,Standard,45,68,4,3,60754,28,151,2,6,17,2
2017-08-03 23:41:40,2018-08-08 14:57:34,corporate,Premium,89,77,5,1,56585,5,55,6,30,33,18
2017-12-07 12:38:39,2019-06-29 12:43:45,commercial,Premium,8,42,5,6,42332,3,199,6,17,28,23
2016-10-24 00:26:20,2018-06-01 23:18:13,residential,Premium,95,48,4,3,32041,17,110,8,21,10,4
2017-11-30 23:17:09,2018-02-26 18:45:48,hybrid,Premium,18,21,1,8,52930,22,197,9,34,25,12
2018-07-27 16:21:07,2019-03-09 02:58:56,corporate,Premium,33,22,3,7,22573,10,55,9,3,2,1
2017-01-17 07:58:01,2018-08-21 21:39:18,residential,Premium,74,9,3,1,76768,21,90,8,29,7,17
2017-01-07 05:43:29,2018-04-03 23:35:09,residential,Premium,21,7,2,4,84044,22,93,7,4,2,23
2017-04-04 01:13:27,2017-11-20 10:18:02,corporate,Standard,13,77,1,8,9930,16,146,6,28,11,14
2017-10-10 04:28:59,2017-11-16 04:53:30,residential,Premium,58,35,1,10,64774,22,16,2,10,37,5
2019-05-07 13:56:17,2018-07-20 08:00:22,hybrid,Standard,71,47,1,7,33318,2,50,9,16,28,18
2018-12-19 21:49:03,2017-08-07 14:30:40,corporate,Standard,29,16,4,2,95301,34,167,1,34,13,10
2017-04-17 13:29:50,2018-07-12 01:58:41,commercial,Standard,6,59,1,9,13323,22,148,2,19,25,19
2019-01-27 12:41:40,2018-03-07 18:34:10,commercial,Excelium,75,17,4,7,32556,25,194,6,14,28,3
2018-04-21 13:51:27,2019-01-24 13:14:57,commercial,Premium,76,55,2,8,43935,38,14,6,29,38,5
2018-11-28 12:50:50,2018-03-29 16:53:20,hybrid,Premium,29,62,4,2,81037,25,37,3,3,15,16
2016-11-03 20:13:43,2019-06-20 20:48:37,corporate,Standard,16,79,5,2,89581,14,150,7,23,12,11
2016-12-05 17:10:47,2017-08-28 09:39:10,corporate,Premium,91,36,5,8,52542,3,158,6,7,31,2
2017-02-10 23:38:46,2019-01-07 14:03:54,corporate,Excelium,64,14,5,5,80511,27,134,9,21,28,12
2017-04-06 14:59:35,2018-06-02 13:45:10,residential,Standard,47,75,5,1,34315,10,65,4,3,39,6
2019-04-14 12:34:33,2019-01-20 05:50:16,hybrid,Excelium,79,40,5,4,80677,22,37,2,28,8,3
2017-08-15 18:24:17,2019-04-05 15:01:47,residential,Premium,70,67,2,6,95255,37,169,6,20,13,4
2019-05-29 16:08:06,2018-02-23 03:56:32,hybrid,Premium,73,33,3,6,76361,6,194,5,14,9,5
2018-08-17 16:26:18,2018-11-06 12:37:30,commercial,Excelium,38,69,1,6,27949,39,18,10,15,3,15
2018-09-29 18:16:28,2018-03-22 14:26:47,corporate,Premium,15,17,2,1,23844,26,193,8,37,22,24
2019-05-03 15:35:28,2018-11-18 19:25:09,commercial,Excelium,72,69,2,2,23878,8,161,3,2,16,23
2019-05-14 05:21:15,2018-07-17 20:58:53,corporate,Excelium,26,46,4,2,62723,13,60,2,33,23,15
2017-03-07 21:41:10,2019-04-25 02:13:23,residential,Standard,40,48,2,7,32812,5,199,3,35,11,10
2017-01-31 11:40:45,2018-09-08 09:10:08,commercial,Standard,23,22,2,1,85996,33,123,6,36,2,21
2018-04-09 00:18:46,2018-11-15 23:34:44,corporate,Standard,16,4,2,2,89287,3,67,9,29,9,20
2018-03-12 19:22:55,2018-04-09 23:56:44,corporate,Standard,99,54,5,5,61020,4,80,5,29,10,6
2018-05-06 21:31:37,2017-07-16 23:40:09,corporate,Standard,60,72,2,8,33482,6,133,9,12,14,12
2018-08-16 01:41:16,2018-05-31 08:01:47,commercial,Excelium,68,47,3,4,17966,21,174,4,4,10,19
2017-07-13 00:18:30,2017-10-22 13:27:09,commercial,Premium,59,6,4,3,16490,34,162,3,36,21,18
2018-09-30 08:13:20,2019-05-03 07:09:59,hybrid,Excelium,21,50,1,4,32623,40,195,7,39,6,20
2017-03-08 06:22:04,2017-09-30 17:39:17,residential,Excelium,22,62,4,7,27857,31,11,8,25,21,12
2017-06-07 09:31:49,2018-08-03 20:02:15,residential,Premium,5,79,1,1,79718,3,35,8,25,25,2
2016-11-07 18:10:36,2018-04-10 20:18:44,residential,Excelium,3,53,1,2,71755,17,20,1,3,10,22
2017-09-02 03:47:26,2018-10-10 02:02:41,corporate,Premium,82,32,1,5,37365,27,58,3,21,37,5
2018-07-31 18:33:59,2018-01-27 21:53:06,corporate,Standard,76,51,3,7,10371,27,181,7,20,23,17
2018-05-18 15:17:45,2018-03-23 04:42:02,residential,Standard,74,69,5,6,50575,7,182,1,34,20,2
2017-10-26 22:40:49,2019-01-19 10:27:03,commercial,Premium,1,76,4,3,58677,15,32,5,5,6,15
2017-07-12 12:33:49,2017-12-26 04:33:19,hybrid,Excelium,93,28,4,8,42877,13,18,8,40,21,13
2016-12-28 09:02:35,2018-12-07 02:32:22,commercial,Excelium,3,15,1,3,26741,3,104,6,26,37,19
2019-04-15 21:16:40,2018-09-03 22:45:30,corporate,Standard,85,48,4,9,80285,37,30,1,12,18,1
2019-02-19 01:55:59,2019-01-25 14:50:43,hybrid,Excelium,23,63,3,10,32116,37,35,5,33,34,18
2019-02-23 19:57:12,2017-09-12 02:15:58,residential,Standard,91,41,2,1,10409,35,30,6,33,9,23
2016-12-26 16:04:29,2018-05-06 16:40:27,hybrid,Premium,32,68,1,5,59276,25,58,4,40,21,13
2019-02-25 00:04:58,2019-04-29 13:46:23,hybrid,Premium,10,17,2,2,6211,29,121,4,17,16,3
2017-08-20 02:38:55,2017-11-11 15:26:23,commercial,Excelium,37,78,2,5,26890,31,124,6,9,27,19
2019-01-25 02:25:06,2017-09-22 03:20:03,hybrid,Standard,57,68,4,4,51541,32,71,10,10,40,1
2016-09-18 06:05:22,2018-07-31 17:48:39,residential,Premium,47,59,4,9,14813,26,38,3,30,30,2
2018-07-07 23:32:50,2018-10-20 12:19:02,hybrid,Standard,85,26,3,3,29947,21,67,3,24,24,5
2017-09-12 13:48:39,2018-10-15 16:38:53,corporate,Premium,20,6,3,10,86707,5,19,4,22,14,23
2017-04-05 15:36:36,2018-10-03 09:19:22,corporate,Excelium,39,50,5,10,80497,1,65,4,7,14,17
2017-08-27 10:22:49,2018-08-12 03:18:24,hybrid,Excelium,48,18,1,3,11037,37,123,9,36,31,10
2016-12-02 19:49:12,2018-12-11 09:26:22,residential,Excelium,38,75,1,8,75961,5,62,1,27,18,16
2016-11-30 02:16:34,2018-07-08 06:02:37,residential,Premium,37,46,4,7,26802,37,67,3,39,26,16
2017-03-07 03:36:45,2018-06-27 19:37:32,residential,Premium,37,10,3,1,62844,14,173,10,3,16,24
2017-02-07 19:36:18,2019-04-05 06:24:17,hybrid,Excelium,46,63,5,5,66594,4,183,1,24,15,14
2019-02-20 16:56:02,2018-06-29 21:28:07,hybrid,Excelium,21,65,5,3,12322,17,164,10,17,8,23
2018-10-04 21:35:32,2018-05-05 12:57:58,hybrid,Premium,60,29,4,9,96601,15,192,6,33,28,3
2017-07-09 06:39:03,2019-03-14 01:19:00,commercial,Standard,10,41,5,7,58518,2,59,3,27,32,12
2016-11-08 19:33:18,2017-07-15 00:53:28,residential,Excelium,4,12,2,6,16018,4,29,6,36,6,3
2016-12-27 18:44:21,2017-11-22 12:40:04,residential,Standard,67,64,2,5,43534,7,16,7,28,14,16
2016-12-16 05:48:46,2017-07-26 02:11:08,residential,Excelium,3,40,4,7,91114,19,56,2,1,17,2
2017-11-27 14:23:51,2019-04-06 04:39:14,residential,Standard,95,9,4,8,16481,24,165,9,26,1,19
2018-10-05 06:22:21,2018-12-12 01:11:17,corporate,Standard,14,25,4,5,24208,32,62,6,31,32,11
2019-02-26 07:36:09,2019-01-05 02:53:37,corporate,Standard,68,16,3,5,53708,13,149,2,30,28,6
2017-12-05 06:58:37,2017-07-13 10:04:29,commercial,Premium,86,52,5,3,50516,6,59,5,18,13,11
2018-12-29 01:20:49,2017-07-11 06:56:30,corporate,Excelium,89,48,1,1,63490,36,69,10,36,35,18
2018-08-14 09:34:37,2018-11-17 11:50:48,commercial,Premium,40,61,1,1,32344,17,23,9,21,9,10
2018-09-27 09:41:50,2018-01-30 12:00:22,corporate,Standard,35,5,2,6,90021,26,42,8,30,13,23
2017-05-18 18:40:13,2018-01-05 09:34:31,commercial,Excelium,34,75,1,8,42609,40,188,5,20,13,21
2018-12-25 17:03:49,2017-12-11 17:15:27,corporate,Excelium,52,36,3,2,44817,40,145,10,5,2,16
2017-05-09 09:37:23,2019-01-26 15:16:35,hybrid,Excelium,77,32,4,1,95645,16,141,7,21,3,8
2019-01-05 19:11:38,2017-09-05 10:17:30,residential,Standard,69,24,2,1,11966,8,183,2,36,30,14
2017-07-13 21:11:08,2019-06-15 09:54:48,commercial,Standard,29,46,2,6,55891,12,52,7,5,7,14
2016-11-22 10:05:13,2018-11-17 01:49:29,corporate,Excelium,36,49,4,5,46493,35,99,4,40,32,3
2017-03-21 02:06:32,2019-03-24 02:05:58,corporate,Excelium,67,68,5,4,85639,17,100,5,6,29,16
2018-06-20 19:12:21,2018-03-23 08:00:32,hybrid,Standard,85,69,1,8,19141,8,103,2,12,37,6
2017-09-01 06:34:59,2017-10-07 07:40:00,hybrid,Standard,39,7,2,1,90845,9,166,5,26,21,6
2017-07-06 21:34:52,2019-05-27 23:55:35,commercial,Premium,45,4,4,1,54639,21,200,7,9,20,14
2018-09-08 02:36:23,2018-05-18 13:24:52,residential,Excelium,51,48,1,4,53399,1,144,5,29,2,6
2018-12-18 03:03:51,2018-01-09 20:51:30,corporate,Premium,9,5,3,10,50360,15,167,2,7,38,19
2019-05-27 14:15:40,2018-08-12 09:39:08,hybrid,Excelium,78,17,4,5,73738,17,64,3,26,9,22
2016-11-26 14:50:52,2017-09-22 04:11:51,corporate,Excelium,59,70,4,2,10934,4,162,10,36,38,4
2017-04-28 06:55:39,2019-02-07 21:00:23,commercial,Excelium,47,72,4,3,22383,15,183,7,11,16,17
2016-11-20 10:11:29,2019-01-19 13:57:05,commercial,Excelium,47,36,2,9,44191,33,198,3,29,11,24
2016-08-24 01:56:19,2018-03-31 00:51:06,corporate,Standard,17,28,1,10,22022,38,145,9,11,39,3
2017-12-02 04:36:40,2019-03-07 06:19:45,corporate,Standard,55,25,2,4,94946,16,101,7,7,6,3
2019-04-24 05:37:59,2018-07-18 21:16:21,corporate,Standard,55,37,2,1,77565,33,30,1,4,39,19
2017-01-13 06:11:29,2018-08-28 10:44:55,commercial,Standard,66,32,1,10,56616,29,97,5,35,31,19
2016-09-27 23:28:03,2019-05-18 22:10:48,commercial,Standard,73,36,4,3,59749,16,128,6,1,5,15
2019-06-22 10:32:44,2018-04-23 21:41:59,corporate,Excelium,63,29,2,8,74283,1,18,3,6,2,22
2017-07-07 18:47:20,2017-09-28 08:48:33,commercial,Premium,36,78,3,8,22566,8,28,4,19,11,16
2018-08-06 21:27:00,2019-04-04 15:04:43,commercial,Standard,61,54,2,4,37026,22,125,8,13,28,4
2019-01-01 16:54:42,2017-08-25 06:54:37,commercial,Premium,73,51,5,4,49671,31,122,2,20,15,22
2018-10-01 19:46:00,2018-03-30 05:20:14,residential,Excelium,5,41,4,4,42814,30,184,3,26,7,24
2018-06-22 13:01:44,2018-08-16 08:40:42,residential,Excelium,49,11,2,5,11146,33,189,2,9,4,5
2016-09-01 18:17:25,2018-09-09 17:29:43,commercial,Standard,68,2,3,8,98269,38,127,9,40,35,16
2018-10-25 06:49:24,2019-01-12 17:07:09,commercial,Standard,54,64,3,5,69524,1,121,10,29,40,7
2017-07-02 13:38:26,2018-01-27 20:57:02,residential,Standard,32,80,4,4,41317,28,196,9,5,6,1
2018-06-30 08:23:42,2018-10-04 03:06:58,hybrid,Standard,94,43,2,2,42022,26,125,8,25,23,10
2018-10-15 09:15:14,2018-03-02 15:10:23,hybrid,Excelium,37,54,3,10,25764,18,173,4,24,39,7
2019-02-11 06:21:34,2017-09-24 13:26:02,corporate,Excelium,74,70,4,4,17991,39,72,6,4,26,13
2018-10-18 05:11:56,2017-07-30 15:56:59,residential,Excelium,75,67,4,4,73450,40,192,2,23,27,3
2018-05-24 16:21:47,2018-01-29 11:43:10,residential,Premium,85,31,3,1,28010,16,22,7,16,13,21
2018-02-05 02:29:15,2018-09-27 23:43:04,hybrid,Premium,36,12,5,5,30190,18,106,4,29,3,9
2016-07-26 18:30:34,2017-12-10 11:05:07,corporate,Excelium,35,65,1,8,34120,5,124,10,34,37,6
2017-10-31 01:23:13,2018-03-25 14:59:45,corporate,Excelium,97,59,4,7,66053,20,96,8,40,35,6
2017-09-14 16:44:42,2017-12-07 15:18:02,corporate,Premium,10,34,4,9,80283,12,110,5,23,33,16
2018-06-10 03:58:40,2018-06-13 06:08:25,hybrid,Excelium,77,40,5,1,79584,9,130,9,13,19,16
2016-11-19 19:59:10,2019-03-28 16:39:04,commercial,Premium,16,36,4,5,66100,36,48,7,36,34,11
2018-10-11 19:09:33,2018-10-29 12:17:32,hybrid,Standard,94,75,1,4,71772,5,69,4,4,40,24
2018-03-07 04:26:57,2018-02-20 10:26:56,hybrid,Standard,100,45,2,6,84608,9,13,2,31,19,20
2017-06-10 11:26:33,2018-01-15 15:58:34,corporate,Excelium,65,6,1,1,62762,8,149,1,10,11,7
2016-10-12 07:44:44,2017-07-27 13:30:54,residential,Premium,36,68,4,2,85659,19,60,5,32,36,12
2017-11-22 00:48:19,2018-09-23 21:22:07,corporate,Standard,70,58,5,6,55114,21,127,4,27,36,20
2018-05-01 14:43:24,2017-10-20 07:47:41,residential,Premium,44,31,4,2,88244,4,160,2,35,16,2
2017-06-20 04:56:10,2018-08-02 02:39:54,hybrid,Excelium,31,21,2,6,61855,37,118,2,37,32,22
2018-08-20 12:25:53,2018-12-21 09:08:08,corporate,Premium,15,11,1,5,20032,15,117,9,26,39,7
2019-04-12 20:11:04,2019-07-04 23:16:54,corporate,Premium,34,62,2,6,87572,27,60,2,33,4,22
2016-08-25 16:59:26,2019-01-10 23:23:31,corporate,Excelium,98,28,1,9,86631,16,91,9,34,39,12
2018-11-16 06:34:11,2019-05-17 08:52:31,hybrid,Excelium,84,12,1,8,11327,2,95,7,24,28,8
2017-04-18 17:09:54,2017-08-30 22:47:56,corporate,Standard,87,54,2,10,32815,10,85,2,28,12,22
2019-05-24 01:33:47,2018-09-03 03:19:15,corporate,Premium,73,9,4,5,80870,28,79,4,2,29,5
2017-06-09 00:30:41,2017-08-31 21:03:33,corporate,Premium,84,34,2,5,45301,9,69,10,38,4,21
2017-12-21 19:17:51,2018-05-23 22:11:45,corporate,Excelium,68,18,1,1,6069,34,159,5,5,38,5
2017-09-06 16:02:29,2017-09-04 02:21:03,hybrid,Standard,84,78,4,5,8609,7,98,7,14,39,6
2017-11-09 14:31:12,2018-03-22 21:02:58,residential,Standard,97,65,3,6,18007,23,62,4,4,6,2
2016-08-30 04:52:46,2017-12-26 18:51:56,commercial,Standard,9,13,5,5,16673,17,48,3,32,38,8
2019-04-03 03:49:17,2018-04-07 14:33:55,commercial,Premium,13,63,3,3,97194,10,53,9,26,39,7
2016-08-05 10:09:33,2017-09-16 04:03:57,hybrid,Standard,83,47,3,4,12633,34,15,5,20,12,20
2016-11-13 10:50:58,2018-11-10 17:59:48,corporate,Premium,93,2,3,8,17262,19,142,5,35,2,14
2018-10-25 20:19:40,2017-09-23 06:08:23,commercial,Premium,44,27,1,1,21045,14,38,6,11,4,11
2017-02-02 14:15:11,2018-07-21 04:43:27,corporate,Excelium,58,46,3,2,40327,10,175,8,13,31,18
2017-12-14 16:05:14,2019-03-13 06:08:48,corporate,Excelium,53,48,4,10,8512,15,160,10,20,17,9
2019-01-29 19:51:09,2018-10-18 19:00:30,hybrid,Standard,40,2,3,8,48495,11,59,3,2,14,6
2017-06-01 20:36:32,2018-07-03 03:13:29,residential,Premium,41,12,2,1,53911,7,86,10,5,13,11
2016-11-29 01:28:37,2017-10-20 23:23:29,corporate,Standard,20,43,3,1,90541,9,81,4,6,25,24
2016-11-30 22:11:36,2019-07-03 00:34:26,corporate,Excelium,12,54,1,9,72805,29,178,9,9,32,22
2019-06-06 16:11:54,2018-03-28 01:37:01,hybrid,Excelium,15,51,3,8,47576,38,94,2,6,19,22
2019-01-16 01:44:56,2018-10-17 20:12:11,hybrid,Premium,46,79,3,1,41275,19,42,1,32,38,12
2018-02-08 09:00:56,2018-05-17 21:55:49,hybrid,Standard,85,10,2,5,94741,14,176,6,25,30,19
2018-02-06 23:44:49,2017-08-22 17:45:48,residential,Standard,9,20,4,9,94318,30,186,8,35,40,2
2018-06-16 01:22:47,2017-11-14 09:26:05,corporate,Premium,3,28,5,3,48785,15,10,6,27,24,9
2019-02-24 04:58:48,2018-12-25 18:41:50,hybrid,Standard,92,77,3,7,22507,6,102,10,26,33,16
2017-09-22 03:23:06,2018-12-28 00:39:05,commercial,Excelium,9,29,2,3,80866,36,182,5,29,29,3
2017-06-08 15:18:19,2017-10-23 02:38:02,hybrid,Standard,79,55,4,7,19844,2,58,4,10,38,22
2016-10-29 08:23:35,2018-11-21 20:02:22,commercial,Standard,23,36,5,6,69688,24,199,4,28,34,9
2018-07-13 02:40:30,2018-08-05 10:39:11,residential,Premium,88,69,2,3,75269,13,200,9,21,25,15
2018-06-05 08:19:33,2018-02-12 21:29:48,corporate,Excelium,41,66,1,4,52752,37,43,8,13,38,8
2017-02-18 06:11:31,2018-08-06 02:27:24,hybrid,Standard,14,52,1,6,44151,19,29,2,11,39,19
2016-07-24 13:05:41,2018-09-24 11:23:00,commercial,Premium,37,3,3,7,61649,36,71,1,28,5,5
2017-03-17 03:06:11,2018-06-05 12:39:30,commercial,Excelium,42,27,4,7,95952,9,94,6,25,8,5
2017-10-25 01:59:38,2019-04-08 19:34:48,corporate,Standard,73,57,3,3,58400,14,68,6,38,31,1
2018-03-11 20:30:42,2018-03-29 20:31:30,corporate,Standard,97,30,4,10,52611,12,162,6,4,25,3
2019-04-07 15:16:01,2019-04-18 22:37:19,hybrid,Premium,23,76,3,2,80916,30,168,7,26,1,13
2016-08-21 19:05:09,2017-09-23 07:45:11,hybrid,Standard,7,38,1,1,16734,14,65,9,18,26,21
2018-05-27 11:03:58,2018-05-16 04:01:43,hybrid,Excelium,96,4,1,5,22619,26,164,3,34,2,24
2019-05-22 07:30:03,2019-02-18 05:59:55,hybrid,Premium,6,68,2,9,45411,18,177,10,11,39,1
2017-03-29 19:04:44,2018-11-20 20:42:23,commercial,Excelium,54,46,1,9,89337,21,104,8,29,9,21
2019-05-14 06:27:26,2017-10-03 04:31:19,corporate,Premium,40,27,5,10,33608,23,33,8,18,30,4
2017-01-27 11:22:56,2019-04-28 12:35:17,hybrid,Premium,71,15,3,8,20914,24,146,2,21,13,20
2018-09-25 06:08:48,2018-04-09 13:44:13,residential,Premium,25,6,2,1,7632,2,116,7,31,16,13
2018-09-03 14:01:53,2019-06-01 19:23:54,hybrid,Standard,19,19,4,8,37567,15,39,1,27,39,17
2018-08-14 19:50:38,2018-09-12 00:20:08,hybrid,Standard,45,6,1,2,58899,17,20,5,34,38,3
2017-12-27 11:43:47,2017-10-02 14:42:09,corporate,Excelium,53,74,1,10,23860,6,76,2,10,40,20
2019-06-24 21:52:01,2018-07-21 23:15:55,residential,Excelium,93,35,5,1,52697,33,153,6,36,4,4
2018-10-05 17:06:05,2017-11-25 15:48:14,corporate,Excelium,32,11,4,8,21664,9,99,5,38,31,19
2018-05-06 04:50:17,2017-10-06 00:32:33,commercial,Standard,41,20,2,1,30075,3,56,4,6,35,1
2017-07-30 08:08:07,2018-12-07 18:48:26,corporate,Standard,3,22,4,10,63756,12,97,6,32,11,7
2018-12-17 10:45:29,2017-07-21 10:07:19,corporate,Excelium,42,64,1,10,40113,11,76,7,31,32,11
2018-08-24 15:41:53,2018-02-19 00:39:44,commercial,Standard,57,33,2,7,82979,18,87,5,35,17,1
2019-07-08 00:10:54,2017-11-15 14:32:57,hybrid,Premium,77,39,1,8,39622,35,16,5,22,1,7
2018-10-08 17:39:38,2018-11-14 00:21:25,corporate,Standard,81,64,3,2,96324,20,167,2,33,37,9
2017-09-04 02:42:24,2018-10-12 16:06:44,hybrid,Premium,56,19,2,4,86178,13,103,9,30,14,20
2018-10-31 12:26:05,2018-01-08 05:43:26,residential,Premium,53,39,1,1,14497,39,76,5,26,27,17
2019-07-07 04:47:25,2018-12-31 03:43:52,hybrid,Standard,19,61,2,3,93515,10,170,2,19,37,17
2016-07-14 06:37:43,2019-01-29 17:19:15,hybrid,Standard,87,61,5,9,40939,17,82,4,5,40,1
2018-02-24 13:26:51,2017-11-05 11:10:24,hybrid,Standard,52,51,4,2,37788,26,30,3,29,10,2
2016-09-28 16:20:56,2019-04-01 19:07:12,hybrid,Premium,31,27,4,5,48126,23,58,4,12,8,12
2018-12-29 05:55:58,2017-12-04 23:06:40,commercial,Standard,96,78,2,1,53758,15,172,10,36,3,23
2018-07-21 21:32:32,2018-08-19 17:13:08,commercial,Excelium,91,22,3,2,75257,15,44,9,23,36,7
2019-02-04 12:28:30,2017-12-19 07:42:39,residential,Standard,61,3,5,10,51257,7,189,5,4,5,22
2018-10-28 05:52:56,2019-05-08 19:20:57,hybrid,Excelium,20,39,1,3,22825,9,141,7,14,37,16
2019-05-27 19:35:10,2019-04-25 08:27:31,residential,Standard,73,71,5,9,85389,7,53,1,25,37,24
2018-09-16 08:12:17,2017-11-27 20:32:33,residential,Standard,53,10,2,3,10033,17,191,7,27,5,8
2017-01-11 02:26:34,2019-01-19 08:03:32,residential,Premium,28,46,1,10,9144,37,63,1,8,37,23
2017-08-05 11:43:11,2018-08-22 17:26:42,hybrid,Excelium,45,76,5,3,85895,29,148,9,14,3,12
2019-06-10 15:17:16,2018-08-10 04:41:04,residential,Standard,99,45,5,9,89232,22,158,8,7,31,17
2018-02-12 06:15:50,2019-03-13 09:55:59,hybrid,Premium,8,53,3,1,23989,18,85,7,37,20,2
2019-06-11 01:17:11,2017-08-07 18:17:48,residential,Excelium,26,37,5,4,24945,32,73,7,40,9,23
2016-12-01 11:25:56,2019-03-17 01:28:54,hybrid,Excelium,47,75,2,9,69715,32,87,6,9,37,17
2016-09-06 12:12:04,2018-04-03 00:26:41,corporate,Premium,72,2,4,4,58321,12,173,8,38,33,8
2018-11-22 22:50:42,2018-10-24 20:05:28,commercial,Standard,96,5,4,5,79698,18,72,3,21,2,15
2018-12-18 12:07:49,2018-02-18 12:25:17,residential,Excelium,73,59,3,10,39763,40,86,10,29,29,4
2017-02-02 06:53:58,2019-06-14 00:09:02,hybrid,Premium,99,61,1,2,29252,30,110,9,17,31,22
2017-07-29 03:19:48,2018-09-25 18:26:15,corporate,Excelium,77,62,5,7,20824,31,112,4,11,40,9
2019-06-08 04:03:50,2018-06-14 01:48:14,commercial,Excelium,16,31,3,8,68268,1,141,10,32,39,1
2019-06-29 02:50:38,2019-03-13 15:55:31,hybrid,Standard,89,36,1,7,76766,18,86,6,10,8,10
2018-04-27 16:47:01,2019-03-08 16:05:09,hybrid,Premium,98,25,2,9,74072,10,117,4,40,9,21
2017-04-07 18:50:12,2018-08-17 10:40:09,commercial,Standard,65,51,3,7,99703,19,193,8,10,22,17
2018-09-17 18:30:56,2017-10-03 14:40:42,commercial,Standard,48,73,1,3,5556,37,17,4,21,18,19
2016-09-12 04:20:24,2019-04-15 23:49:50,hybrid,Standard,71,59,4,3,38176,4,182,9,10,14,2
2018-12-25 23:02:31,2018-02-06 06:22:54,hybrid,Premium,11,54,4,1,81131,31,117,4,20,31,19
2019-02-24 20:10:17,2018-10-29 11:58:03,hybrid,Premium,11,37,4,2,61114,25,114,7,6,3,8
2018-09-25 23:06:53,2018-01-05 11:11:24,commercial,Excelium,4,23,4,3,34617,21,17,1,11,26,20
2019-03-16 03:48:17,2018-11-05 04:55:28,corporate,Standard,17,35,2,8,57183,40,29,4,4,17,21
2017-05-29 09:54:31,2017-08-06 02:13:12,residential,Premium,100,11,5,5,28931,4,173,9,26,23,4
2016-08-27 17:06:27,2018-07-09 01:27:23,hybrid,Excelium,28,17,5,4,92002,20,118,8,38,21,11
2016-10-01 14:58:09,2018-03-23 00:26:43,residential,Excelium,47,35,4,2,29339,24,26,6,21,25,13
2019-03-20 17:32:57,2018-12-05 16:49:17,commercial,Standard,2,60,5,9,91427,1,57,9,11,4,11
2019-01-17 17:05:04,2018-04-12 15:50:12,corporate,Excelium,65,36,3,9,45649,4,83,9,6,15,7
2016-09-03 05:13:47,2018-07-04 10:26:43,commercial,Premium,33,14,2,10,81857,33,75,10,14,26,19
2017-01-12 08:34:47,2018-03-18 22:36:51,hybrid,Excelium,65,57,5,7,52903,10,12,2,20,3,23
2018-06-18 16:04:38,2018-07-12 23:00:09,corporate,Premium,83,17,5,9,64792,5,194,8,11,35,5
2018-03-08 04:36:11,2017-09-11 12:57:22,hybrid,Premium,49,42,3,2,36660,33,12,10,1,20,12
2017-05-16 04:17:13,2018-05-03 11:33:44,residential,Excelium,70,43,5,5,86371,16,181,5,17,11,16
2017-03-11 11:47:56,2018-07-22 01:38:37,corporate,Premium,73,31,2,5,58152,25,184,8,25,7,3
2018-02-26 12:11:56,2018-01-24 04:13:49,hybrid,Standard,38,21,2,9,78553,12,34,10,29,9,17
2016-08-30 01:56:57,2019-06-19 22:41:03,corporate,Excelium,6,6,5,3,36578,18,33,3,32,3,20
2017-03-24 09:45:14,2017-09-27 16:08:54,corporate,Excelium,40,8,2,2,40665,23,151,4,20,39,13
2018-11-29 01:44:27,2018-01-07 15:57:04,residential,Excelium,16,47,4,5,96932,10,41,6,32,13,6
2017-01-16 03:14:15,2019-06-30 18:58:39,commercial,Excelium,19,53,5,1,21029,38,172,4,23,16,19
2018-03-18 06:58:48,2019-05-30 09:41:13,corporate,Premium,60,22,5,3,17464,23,90,5,32,23,6
2018-05-15 08:00:19,2019-04-25 11:23:24,hybrid,Excelium,55,9,5,9,55107,22,124,4,18,32,23
2018-05-25 05:07:31,2018-02-12 03:39:45,commercial,Premium,18,69,5,3,61392,35,92,2,9,35,10
2018-09-24 03:24:51,2017-09-17 23:35:45,residential,Standard,54,28,2,4,35524,5,152,8,2,6,18
2016-10-30 02:39:31,2017-10-07 14:01:14,residential,Excelium,51,78,1,5,80279,21,113,6,26,24,9
2017-02-24 16:25:02,2019-05-31 20:23:28,corporate,Standard,15,16,2,3,8096,9,105,3,8,9,20
2017-09-14 21:38:05,2019-02-05 00:28:31,commercial,Premium,64,27,4,8,45328,34,193,9,6,8,19
2019-06-12 12:16:51,2018-03-11 05:45:12,commercial,Excelium,70,72,3,5,85664,33,60,1,15,15,13
2019-05-06 20:09:44,2017-11-01 08:16:47,hybrid,Excelium,18,22,4,7,90377,23,178,5,32,29,7
2019-07-04 21:33:38,2018-03-31 08:50:24,commercial,Excelium,7,39,4,7,53315,30,153,7,3,38,12
2018-01-23 05:08:14,2018-02-18 21:09:06,hybrid,Premium,82,33,2,3,38809,2,156,10,38,19,20
2018-01-11 13:21:45,2018-01-06 01:35:35,hybrid,Premium,89,65,3,8,8058,8,119,8,21,26,13
2017-03-24 20:01:12,2019-04-12 09:30:02,hybrid,Excelium,82,68,5,4,84580,16,63,8,36,15,8
2016-09-26 14:26:55,2018-09-02 05:18:50,residential,Excelium,92,66,5,9,84029,15,108,2,13,21,7
2016-07-29 20:39:01,2018-01-26 23:58:51,hybrid,Standard,92,18,4,1,7077,4,176,8,16,29,9
2018-12-10 17:18:35,2019-06-05 05:09:02,hybrid,Premium,92,51,4,5,97529,7,139,3,34,28,6
2017-05-10 01:26:33,2018-01-06 00:24:15,commercial,Premium,43,31,4,7,34048,32,27,5,19,15,12
2019-06-01 20:26:07,2018-05-08 07:14:55,commercial,Standard,23,54,3,6,47343,30,138,6,31,23,7
2017-12-03 03:55:38,2018-01-01 06:25:57,hybrid,Standard,7,16,5,1,50424,33,195,2,7,37,4
2017-02-06 05:50:15,2019-05-23 10:04:04,residential,Excelium,10,13,1,6,28192,20,182,3,26,3,24
2017-10-02 19:18:17,2017-07-27 14:02:17,corporate,Premium,81,42,3,2,45125,1,143,3,27,19,6
2018-08-19 20:10:50,2018-12-01 06:49:22,residential,Excelium,83,17,4,9,28849,9,171,5,32,5,1
2018-07-26 21:53:44,2017-10-09 01:47:15,residential,Standard,39,11,2,3,30754,17,170,8,32,17,18
2017-07-04 11:20:38,2018-09-10 15:39:50,corporate,Premium,79,28,3,3,70593,16,91,8,27,12,15
2017-05-08 23:18:32,2018-04-26 04:13:44,residential,Standard,29,29,2,1,68698,40,63,3,40,4,14
2017-05-18 19:52:53,2017-09-30 22:50:33,hybrid,Standard,9,72,2,7,46035,8,79,4,39,29,10
2018-07-06 19:10:01,2018-04-06 07:12:45,residential,Standard,59,13,1,4,47714,30,43,2,9,34,18
2017-03-02 06:18:21,2018-05-27 09:23:37,corporate,Premium,26,19,3,6,87241,37,112,4,38,10,7
2017-03-03 10:19:59,2018-09-03 14:39:22,hybrid,Excelium,71,63,1,2,43280,36,24,2,24,13,22
2017-01-18 04:01:02,2019-01-19 09:14:11,corporate,Excelium,27,14,2,7,17045,10,118,8,14,23,24
2018-02-15 09:25:49,2017-07-13 06:35:14,commercial,Excelium,85,3,1,4,22604,3,163,5,10,26,16
2016-08-14 05:40:42,2017-09-25 12:34:30,hybrid,Excelium,35,14,1,5,6077,2,47,10,32,8,9
2017-09-02 22:00:25,2019-03-25 23:52:00,residential,Premium,64,32,1,3,51117,4,89,3,37,22,11
2018-08-31 11:32:18,2018-07-07 13:04:37,corporate,Standard,41,16,4,5,39290,20,17,7,30,30,21
2016-08-08 05:48:00,2019-04-08 05:58:28,hybrid,Standard,92,77,4,2,83127,26,14,5,13,10,21
2017-09-24 12:34:28,2019-04-06 22:29:11,corporate,Excelium,65,74,2,9,9610,29,34,4,14,15,21
2017-05-15 00:29:36,2018-04-11 16:21:17,residential,Standard,97,64,5,7,53119,15,78,4,3,34,14
2019-03-09 10:38:26,2019-07-11 18:53:23,commercial,Standard,74,61,2,1,48933,1,92,1,29,24,1
2016-09-11 14:24:13,2018-07-08 14:49:38,hybrid,Premium,17,39,3,8,36279,10,11,9,27,17,23
2017-07-02 06:23:17,2018-09-01 13:49:17,corporate,Standard,19,42,1,6,65104,10,86,2,39,22,13
2019-05-24 02:25:17,2018-02-16 14:33:22,commercial,Premium,75,12,3,4,9843,38,38,3,31,14,3
2019-04-08 16:10:26,2019-03-19 00:29:57,residential,Premium,97,53,3,9,87482,14,173,9,21,1,15
2018-05-27 17:34:37,2017-10-30 13:15:13,residential,Standard,53,78,3,9,29555,1,99,7,7,10,19
2016-08-30 11:16:36,2017-08-19 08:45:32,residential,Standard,78,79,3,3,30868,11,180,7,1,24,14
2018-04-27 15:08:57,2018-07-09 01:25:42,commercial,Excelium,88,18,2,6,56380,24,181,6,23,15,13
2018-02-22 15:41:33,2018-11-20 02:01:14,residential,Premium,29,8,2,1,85631,23,200,3,13,33,11
2018-08-17 04:49:55,2018-12-03 04:05:15,residential,Excelium,63,44,3,8,39563,40,68,10,7,1,19
2016-09-13 13:44:44,2017-07-22 19:56:56,commercial,Standard,29,29,3,9,68338,26,69,3,27,31,6
2018-08-18 16:29:44,2017-10-26 16:10:12,residential,Premium,80,75,1,9,49059,40,97,7,18,12,9
2016-11-24 07:12:00,2018-06-08 14:27:11,commercial,Excelium,41,80,5,1,34153,29,20,8,22,6,24
2018-12-13 09:14:51,2017-09-05 18:37:02,commercial,Excelium,9,61,5,9,20023,3,13,10,21,4,16
2018-11-14 19:24:13,2017-12-21 17:54:26,residential,Excelium,19,51,4,6,75722,9,107,5,37,4,17
2017-05-29 12:24:19,2017-10-17 09:37:29,corporate,Standard,46,58,2,6,86651,31,169,4,8,17,16
2018-12-28 13:29:30,2018-07-03 16:34:30,corporate,Excelium,50,43,2,6,90196,28,156,4,29,28,1
2017-08-09 16:44:11,2018-11-07 13:42:05,corporate,Excelium,67,23,3,2,86659,25,27,8,11,20,10
2016-10-30 22:26:54,2018-07-21 13:14:38,residential,Premium,35,74,4,2,73355,8,81,10,27,29,9
2017-04-30 00:47:19,2018-08-18 04:51:24,hybrid,Standard,30,21,3,10,78461,22,154,4,33,27,14
2018-02-04 04:01:41,2018-01-17 16:30:07,hybrid,Standard,4,65,4,1,12811,29,200,1,22,9,2
2018-09-30 22:31:58,2018-02-08 16:54:44,hybrid,Standard,34,16,5,1,72109,16,139,5,25,19,20
2019-01-07 19:23:40,2018-09-21 12:32:36,hybrid,Excelium,22,2,2,9,7625,20,49,7,30,37,9
2016-11-26 22:51:38,2019-01-12 19:42:45,hybrid,Excelium,66,23,2,2,86419,25,93,5,5,28,10
2018-12-03 20:40:36,2019-03-17 22:26:47,residential,Standard,31,23,4,3,23202,20,162,10,31,39,15
2019-06-29 04:45:14,2019-01-29 00:02:48,hybrid,Premium,78,28,3,5,54211,37,62,3,25,40,13
2017-07-07 18:56:33,2019-03-08 10:17:13,hybrid,Premium,28,11,2,7,25825,39,43,2,22,37,17
2019-03-24 04:30:21,2017-12-21 21:08:08,hybrid,Premium,26,14,1,3,45521,18,69,7,13,20,17
2018-08-16 05:12:24,2018-01-06 15:37:38,residential,Standard,89,69,1,6,61676,35,153,5,2,23,7
2018-09-28 00:48:14,2017-07-09 09:23:15,corporate,Standard,55,9,2,1,16306,26,35,5,27,24,24
2016-07-21 09:17:03,2019-07-11 13:49:19,residential,Excelium,21,37,4,1,78885,11,10,10,29,28,19
2018-12-15 00:29:04,2019-06-13 23:39:50,commercial,Premium,30,44,4,6,77472,36,110,8,11,6,11
2017-09-23 09:08:40,2017-10-07 11:02:42,commercial,Excelium,76,34,5,10,11488,5,21,9,13,16,7
2016-09-08 00:38:00,2019-05-04 05:59:39,residential,Excelium,9,39,5,4,38320,2,13,5,16,32,15
2017-01-08 05:24:46,2018-11-30 03:03:13,commercial,Standard,46,24,2,3,77525,17,49,5,28,21,7
2017-05-11 11:32:55,2019-05-12 21:45:10,commercial,Excelium,76,20,2,8,59593,17,136,7,24,37,14
2018-04-17 11:04:40,2018-11-03 18:01:43,hybrid,Standard,98,75,1,7,10998,36,105,5,14,25,10
2017-08-27 16:15:37,2018-12-11 00:27:35,corporate,Premium,94,21,5,8,9519,13,79,2,28,38,5
2017-06-07 21:03:17,2019-02-14 00:03:52,residential,Standard,21,27,3,7,80758,6,150,9,16,7,14
2017-08-09 15:52:26,2019-05-26 02:24:11,corporate,Premium,8,9,2,8,58830,12,30,1,4,40,17
2017-07-27 00:07:10,2017-07-16 16:37:04,commercial,Standard,11,7,2,5,87242,24,116,10,1,32,23
2017-04-06 05:52:56,2018-05-05 12:07:06,corporate,Standard,86,14,4,3,71606,16,198,6,11,39,1
2016-09-28 07:01:37,2017-10-24 20:49:51,commercial,Premium,47,61,4,2,48840,26,93,9,19,11,17
2018-11-05 03:45:22,2018-10-03 12:52:49,corporate,Premium,69,55,3,5,31710,34,118,7,14,15,17
2018-01-12 22:14:38,2017-09-14 16:58:41,residential,Premium,93,3,4,1,24474,11,180,6,24,22,11
2018-01-21 13:53:09,2018-06-05 16:30:26,hybrid,Premium,40,37,4,5,88841,6,145,7,17,26,12
2017-05-19 10:24:07,2019-06-04 04:51:30,residential,Premium,88,14,4,3,87473,2,93,2,3,9,6
2018-12-23 22:54:28,2018-11-08 13:29:31,residential,Premium,97,74,5,7,51391,16,102,10,38,34,20
2017-10-30 10:18:34,2018-12-11 16:20:53,hybrid,Excelium,21,12,3,1,47135,31,18,9,3,22,11
2016-10-21 14:09:48,2018-04-01 10:05:22,residential,Premium,58,44,3,9,24396,12,164,7,10,30,14
2018-02-18 05:38:43,2018-08-18 01:06:37,commercial,Excelium,83,47,2,8,76205,29,45,8,24,13,4
2016-08-10 04:43:47,2018-03-28 13:26:58,commercial,Premium,87,18,4,3,39848,13,46,2,30,37,20
2019-03-19 06:40:05,2018-06-20 08:07:10,commercial,Excelium,30,21,3,4,15865,3,159,5,21,35,3
2017-01-09 08:11:00,2019-05-14 19:46:30,corporate,Premium,93,59,5,7,32630,32,33,6,32,38,15
2017-09-14 22:03:49,2018-03-31 06:55:27,commercial,Standard,43,73,5,10,19351,29,43,6,20,4,6
2017-02-01 23:52:36,2019-06-23 20:14:34,hybrid,Standard,81,78,2,10,18418,35,14,6,14,10,2
2017-08-23 05:17:39,2017-12-16 12:48:55,residential,Premium,37,6,2,6,48699,6,120,8,5,14,10
2017-01-10 05:37:32,2019-03-20 07:28:09,corporate,Excelium,11,32,1,2,19317,26,90,10,14,20,5
2017-04-06 11:21:38,2018-10-04 01:50:32,residential,Excelium,78,26,5,6,92010,19,69,7,10,14,16
2018-08-09 14:17:29,2017-12-09 17:35:24,commercial,Standard,22,54,4,4,41437,17,29,2,4,29,19
2017-12-06 17:11:28,2019-01-23 21:42:10,hybrid,Excelium,30,14,1,4,16472,15,128,4,38,15,18
2019-04-09 12:55:09,2018-09-06 08:30:11,residential,Excelium,22,45,2,8,41194,35,35,9,25,27,6
2018-01-29 14:07:09,2017-10-18 00:29:02,hybrid,Excelium,22,44,3,5,74637,11,192,9,8,20,8
2016-08-20 15:21:16,2018-01-24 01:00:10,hybrid,Excelium,71,21,4,10,26210,15,160,9,24,10,5
2018-12-08 09:55:05,2019-04-24 17:58:02,commercial,Standard,40,15,1,5,12965,17,174,9,1,14,21
2019-02-17 19:28:32,2017-10-06 00:23:22,hybrid,Excelium,14,4,1,4,10722,29,117,5,19,37,15
2017-05-05 08:24:14,2018-10-17 05:06:28,hybrid,Standard,22,34,2,4,84083,8,45,6,29,39,11
2018-10-14 21:11:41,2018-07-21 14:05:20,residential,Standard,45,28,5,5,62110,40,80,6,2,37,18
2018-03-02 06:32:09,2018-04-07 14:39:57,corporate,Standard,36,54,3,1,34134,34,78,3,1,38,13
2017-11-20 21:03:06,2018-03-14 06:26:26,hybrid,Standard,69,7,4,7,15015,37,196,6,31,32,23
2016-11-20 13:52:46,2018-03-25 02:49:14,hybrid,Excelium,9,38,1,1,78171,1,63,9,11,35,9
2018-09-10 23:41:51,2019-05-01 12:00:24,hybrid,Standard,46,8,2,7,91507,35,175,4,33,35,9
2017-12-01 02:20:25,2017-07-01 01:37:02,corporate,Standard,90,57,3,8,25112,32,181,1,30,22,21
2017-10-27 03:53:04,2019-02-28 21:27:00,hybrid,Excelium,48,33,1,2,94994,35,199,2,18,31,14
2018-11-25 18:48:35,2019-01-26 03:09:28,residential,Premium,94,13,1,5,29825,35,60,5,3,4,23
2019-02-12 19:43:28,2019-05-24 05:38:42,residential,Excelium,42,23,2,3,21143,23,153,10,35,4,8
2017-07-23 06:41:12,2018-05-31 15:08:58,hybrid,Excelium,30,49,2,7,32310,8,29,5,40,23,15
2017-09-11 01:46:57,2018-07-27 11:56:57,corporate,Excelium,55,73,5,5,75327,8,78,4,27,5,8
2016-07-19 21:35:06,2018-09-15 23:58:40,commercial,Standard,40,76,3,10,60553,5,123,10,8,19,1
2018-06-17 00:42:23,2018-01-04 15:27:40,corporate,Standard,68,78,5,6,74689,38,137,8,40,14,3
2017-12-11 08:02:16,2017-09-13 21:10:25,residential,Standard,32,13,1,7,31492,2,157,7,23,10,8
2017-03-01 16:55:22,2018-06-17 15:29:53,corporate,Standard,67,63,4,8,30403,38,152,1,4,33,1
2018-05-23 23:10:15,2018-02-18 08:52:24,hybrid,Standard,78,46,4,2,16472,24,118,1,29,29,1
2018-09-23 14:52:15,2017-11-25 10:11:22,residential,Premium,83,21,4,9,75502,12,150,7,9,16,16
2018-03-11 21:15:44,2018-01-10 16:22:25,corporate,Excelium,69,29,3,1,90308,12,17,10,34,40,23
2019-06-13 12:28:08,2018-11-29 07:34:13,hybrid,Premium,54,61,4,10,53467,5,180,1,22,5,10
2018-06-11 01:08:08,2019-05-15 13:13:10,commercial,Premium,66,64,3,9,53549,5,106,10,34,28,9
2018-10-27 23:23:11,2017-10-16 07:13:15,commercial,Excelium,63,61,1,2,8509,23,82,4,17,36,6
2019-04-07 11:52:59,2018-11-14 03:54:07,corporate,Excelium,60,24,5,9,24510,28,12,8,1,20,12
2018-02-08 18:34:34,2017-12-19 01:03:24,residential,Excelium,50,2,1,9,73676,36,109,6,23,29,9
2018-04-22 14:58:32,2018-09-02 11:04:24,corporate,Excelium,55,75,3,7,9316,35,165,2,33,36,8
2017-02-18 22:11:06,2018-05-26 05:08:07,residential,Standard,48,72,4,3,76720,6,124,4,16,32,9
2019-03-07 02:43:17,2018-10-24 19:57:22,hybrid,Excelium,47,32,4,7,31788,2,55,4,20,15,22
2018-11-14 22:59:00,2018-05-20 00:20:55,residential,Standard,68,70,3,8,71146,27,88,2,9,16,22
2018-10-08 07:29:50,2018-09-06 19:16:49,hybrid,Standard,77,44,5,9,41017,17,28,4,11,8,16
2017-12-29 23:42:36,2019-03-02 08:26:58,hybrid,Premium,28,80,1,2,22880,12,159,6,3,25,4
2016-10-07 19:51:20,2018-12-09 21:35:31,corporate,Premium,67,45,4,10,91051,30,182,4,26,5,7
2018-08-11 23:34:27,2018-03-26 21:41:35,commercial,Excelium,66,18,5,10,48263,35,160,5,21,17,21
2017-08-03 08:06:26,2019-02-16 07:30:32,commercial,Standard,88,34,3,3,60353,11,126,10,34,12,21
2017-06-18 10:07:11,2018-03-22 11:25:11,commercial,Standard,90,53,5,1,46439,34,150,8,11,17,6
2018-11-09 02:09:59,2018-11-15 04:47:34,residential,Premium,8,49,4,9,69712,19,119,3,7,27,17
2019-05-18 22:06:24,2018-07-14 04:14:44,commercial,Premium,45,21,3,5,49330,33,19,8,10,26,22
2017-02-25 10:20:39,2017-08-08 02:55:43,commercial,Excelium,58,5,3,2,23490,19,66,2,38,14,12
2017-10-25 17:13:59,2018-06-10 21:27:11,corporate,Excelium,36,75,5,1,42444,8,11,6,3,3,12
2017-10-26 08:29:50,2017-12-29 12:02:11,commercial,Standard,52,57,5,4,17344,32,51,1,9,28,1
2018-02-19 08:15:28,2017-09-01 13:51:06,corporate,Standard,100,56,4,3,33045,11,87,8,22,1,14
2018-10-14 21:42:37,2018-11-01 17:43:33,corporate,Excelium,39,19,2,4,82206,12,181,9,15,30,12
2017-01-11 13:09:40,2018-02-01 13:03:01,commercial,Standard,96,2,1,8,29594,31,138,6,10,27,5
2018-08-06 16:36:51,2018-09-28 17:26:10,commercial,Standard,56,57,1,6,20821,2,125,7,21,2,23
2016-12-15 18:58:46,2018-06-20 03:04:59,residential,Excelium,18,10,4,7,33950,15,161,7,18,29,12
2017-04-03 18:21:19,2017-12-03 17:52:33,residential,Premium,20,56,3,1,79107,25,146,4,28,32,21
2017-11-29 11:26:04,2018-01-01 03:11:29,commercial,Premium,7,2,4,3,12557,25,28,7,33,22,2
2016-10-06 14:36:05,2017-08-20 18:51:52,hybrid,Standard,84,25,2,8,71544,22,14,5,12,26,13
2016-09-21 08:32:08,2019-04-15 04:16:13,corporate,Premium,78,20,3,9,85426,12,18,7,11,36,19
2018-02-12 04:09:19,2019-05-02 02:04:14,commercial,Premium,18,35,2,3,56172,21,117,3,9,40,15
2016-08-14 04:15:10,2017-08-11 04:15:39,commercial,Premium,41,11,5,9,31968,36,138,2,13,27,5
2017-06-28 10:42:37,2018-06-06 02:01:11,corporate,Excelium,82,40,2,3,53013,39,79,5,28,35,14
2019-03-03 01:56:25,2018-08-05 01:51:14,residential,Premium,50,37,4,3,44077,19,153,8,21,4,16
2017-01-06 20:22:42,2018-04-26 01:02:23,commercial,Standard,64,59,5,1,71604,17,35,1,17,20,21
2018-08-23 16:36:16,2017-08-18 17:49:45,hybrid,Standard,48,61,3,8,66895,4,20,3,26,38,23
2018-11-11 17:14:37,2018-08-22 03:03:54,corporate,Excelium,27,15,4,7,23809,19,59,10,40,1,1
2016-07-16 17:19:18,2017-08-25 13:33:39,commercial,Excelium,25,17,1,2,32790,22,177,8,15,39,2
2016-10-10 21:57:19,2018-01-28 22:18:26,residential,Standard,95,74,4,10,76793,2,72,1,19,21,3
2019-03-28 10:16:55,2018-10-14 01:53:04,hybrid,Premium,15,28,5,7,56753,38,181,9,30,15,19
2016-07-27 05:25:19,2017-09-04 09:05:55,hybrid,Excelium,27,21,1,6,23450,6,144,4,9,29,7
